Fx, Fy, Fz, Mx, My, Mz
-2.07588,0.341783,1.30217,-0.292898,-1.13885,-0.171461
-2.03597,0.360015,1.32538,-0.297993,-1.13736,-0.156815
-2.04349,0.325737,1.27153,-0.284193,-1.11808,-0.172713
-2.08572,0.33428,1.28445,-0.293024,-1.13277,-0.175874
-2.06598,0.309985,1.31412,-0.289696,-1.13795,-0.183042
-2.03831,0.325809,1.22915,-0.274067,-1.10301,-0.170509
-2.06877,0.321024,1.31331,-0.289935,-1.13923,-0.180845
-2.072,0.33001,1.24827,-0.288146,-1.11912,-0.178743
-2.06503,0.332039,1.26565,-0.291659,-1.12027,-0.175086
-2.04269,0.33139,1.29071,-0.297149,-1.11896,-0.173103
-2.13479,0.344066,1.32258,-0.30755,-1.15839,-0.18327
-2.07183,0.32399,1.33509,-0.297864,-1.1453,-0.180998
-2.0853,0.349589,1.34188,-0.30282,-1.15333,-0.171255
-2.07427,0.344743,1.30574,-0.29697,-1.13938,-0.17
-2.10278,0.267929,1.32212,-0.272826,-1.15603,-0.201166
-2.10744,0.323301,1.306,-0.29973,-1.14517,-0.185103
-2.05301,0.323965,1.30605,-0.300022,-1.12748,-0.178867
-2.09477,0.334128,1.3411,-0.306893,-1.15161,-0.181195
-2.08872,0.334596,1.28374,-0.295901,-1.13212,-0.180265
-2.0521,0.346692,1.28825,-0.30169,-1.12111,-0.170207
-2.09382,0.361292,1.34522,-0.314516,-1.15448,-0.170769
-2.04304,0.316144,1.30991,-0.292455,-1.12894,-0.177798
-2.12856,0.350758,1.3466,-0.311369,-1.16698,-0.178347
-2.02384,0.34415,1.30121,-0.303402,-1.11839,-0.167384
-2.05419,0.355094,1.32291,-0.297211,-1.14253,-0.163803
-2.03495,0.323656,1.22821,-0.282385,-1.10155,-0.174862
-2.09711,0.322303,1.34259,-0.298214,-1.15904,-0.18365
-2.10361,0.320162,1.31644,-0.290165,-1.1517,-0.181925
-2.09755,0.331302,1.35909,-0.295432,-1.166,-0.177339
-2.05966,0.355349,1.30268,-0.295573,-1.1362,-0.164012
-2.06936,0.326376,1.29724,-0.293562,-1.13046,-0.178998
-2.08636,0.310966,1.35488,-0.293986,-1.15897,-0.186685
-2.05182,0.312966,1.25976,-0.281597,-1.11622,-0.180116
-2.08529,0.291976,1.35449,-0.288001,-1.15875,-0.192052
-2.07432,0.290118,1.32739,-0.283029,-1.14423,-0.192854
-2.09804,0.312941,1.29958,-0.28771,-1.14188,-0.186414
-2.05281,0.326786,1.29736,-0.292272,-1.12699,-0.175103
-2.07708,0.358989,1.29349,-0.296295,-1.13653,-0.163948
-2.08555,0.301041,1.30964,-0.283027,-1.14337,-0.187876
-2.05157,0.328289,1.26297,-0.278384,-1.121,-0.169623
-2.05824,0.28875,1.27157,-0.260984,-1.12939,-0.182946
-2.09086,0.291008,1.27065,-0.271498,-1.13342,-0.189509
-2.06508,0.342191,1.32392,-0.300523,-1.14275,-0.167682
-2.0765,0.330266,1.33815,-0.296349,-1.15029,-0.173378
-2.01182,0.345992,1.21119,-0.283761,-1.08621,-0.159078
-2.05952,0.316252,1.33022,-0.299945,-1.13834,-0.183353
-2.01745,0.356615,1.3367,-0.310149,-1.12789,-0.161033
-2.06555,0.338126,1.31588,-0.306612,-1.13432,-0.177874
-2.0687,0.314472,1.3473,-0.303334,-1.14826,-0.188106
-2.0609,0.31326,1.32316,-0.299606,-1.13464,-0.186795
-2.08673,0.376987,1.30234,-0.315021,-1.13802,-0.166462
-2.08075,0.325101,1.35027,-0.30111,-1.15304,-0.183629
-2.0521,0.299465,1.30219,-0.282068,-1.12849,-0.18818
-2.06895,0.316489,1.28573,-0.287868,-1.12701,-0.182032
-1.98317,0.370515,1.27863,-0.301865,-1.09895,-0.150286
-2.14276,0.337135,1.37454,-0.312988,-1.18076,-0.185203
-2.02968,0.298447,1.29481,-0.296388,-1.11365,-0.187587
-2.11748,0.30754,1.35628,-0.299592,-1.16649,-0.191895
-2.04895,0.275457,1.3085,-0.27653,-1.13212,-0.189989
-2.09686,0.320682,1.37371,-0.304792,-1.16602,-0.183179
-2.05004,0.337286,1.28782,-0.295073,-1.12355,-0.171615
-2.09468,0.328688,1.33006,-0.303537,-1.15003,-0.183055
-2.09288,0.304726,1.34448,-0.30683,-1.15108,-0.193217
-2.05023,0.306396,1.30448,-0.297009,-1.12534,-0.185687
-2.07297,0.328134,1.32964,-0.302836,-1.14263,-0.181014
-2.04599,0.319456,1.25588,-0.289083,-1.11012,-0.178939
-2.08545,0.334688,1.34864,-0.308255,-1.15437,-0.1792
-2.08545,0.311818,1.2993,-0.291992,-1.13624,-0.188088
-2.10029,0.292938,1.30317,-0.287852,-1.14275,-0.197746
-2.10055,0.289273,1.38175,-0.294776,-1.17512,-0.19739
-2.05901,0.286636,1.36227,-0.29157,-1.15115,-0.192504
-2.0764,0.337568,1.29662,-0.299815,-1.13409,-0.176215
-2.08739,0.330809,1.3345,-0.303282,-1.15207,-0.181094
-2.09418,0.319778,1.28987,-0.296355,-1.13605,-0.187853
-2.10078,0.312868,1.31145,-0.294978,-1.14961,-0.187681
-2.02774,0.270606,1.2811,-0.278187,-1.1131,-0.194182
-2.08334,0.298226,1.28643,-0.294207,-1.1287,-0.191347
-2.09092,0.317058,1.33351,-0.30774,-1.14789,-0.187973
-2.04885,0.3118,1.23531,-0.281239,-1.10636,-0.177174
-2.03294,0.270058,1.28574,-0.273332,-1.11929,-0.19095
-2.08479,0.321238,1.33897,-0.293811,-1.15547,-0.179252
-2.06568,0.307516,1.29709,-0.292084,-1.13187,-0.187464
-2.07415,0.321163,1.30294,-0.298026,-1.13711,-0.17884
-2.05579,0.294645,1.27693,-0.290402,-1.11899,-0.188638
-2.03658,0.29797,1.26298,-0.280563,-1.11273,-0.184451
-2.06198,0.336225,1.2678,-0.292922,-1.12348,-0.173357
-2.07925,0.303227,1.38088,-0.305787,-1.16384,-0.190815
-2.07443,0.345894,1.3011,-0.310766,-1.13224,-0.17647
-2.09395,0.371714,1.2794,-0.310575,-1.1359,-0.167374
-2.08152,0.306138,1.32439,-0.298661,-1.14567,-0.189703
-2.08386,0.329558,1.32993,-0.306871,-1.14996,-0.179147
-2.06334,0.31879,1.27879,-0.294323,-1.127,-0.180782
-2.02681,0.311287,1.27916,-0.287837,-1.1155,-0.177958
-2.07231,0.303974,1.3392,-0.293121,-1.14913,-0.18939
-2.08287,0.313556,1.33881,-0.301224,-1.15117,-0.188302
-2.07618,0.321393,1.32747,-0.306169,-1.14308,-0.183332
-2.04218,0.310019,1.34481,-0.299012,-1.14118,-0.179607
-2.06829,0.265094,1.34319,-0.2902,-1.14477,-0.206927
-2.0034,0.308367,1.18874,-0.281143,-1.07294,-0.180192
-2.06665,0.304902,1.26047,-0.281023,-1.12043,-0.184917
-2.02149,0.309511,1.29005,-0.297703,-1.11301,-0.178952
-2.07122,0.35036,1.28179,-0.305169,-1.12706,-0.170596
-2.08035,0.319375,1.34894,-0.298779,-1.15687,-0.182594
-2.06439,0.335088,1.27458,-0.294561,-1.12563,-0.175471
-2.07886,0.33453,1.34682,-0.304598,-1.1561,-0.177935
-2.06456,0.30818,1.30046,-0.300249,-1.12685,-0.1889
-2.10962,0.330785,1.331,-0.314611,-1.14973,-0.189351
-2.06955,0.329111,1.29467,-0.298762,-1.13201,-0.180457
-2.07392,0.294909,1.29541,-0.289721,-1.13376,-0.195292
-2.06026,0.334204,1.28216,-0.299185,-1.12356,-0.176526
-2.07862,0.351235,1.3228,-0.310399,-1.14643,-0.171795
-2.0839,0.331848,1.31105,-0.298668,-1.1447,-0.17864
-2.03465,0.330733,1.27323,-0.293127,-1.11639,-0.174566
-2.07024,0.279954,1.2967,-0.281466,-1.13569,-0.19664
-2.06902,0.346745,1.31488,-0.299633,-1.14412,-0.172124
-2.0486,0.314571,1.25948,-0.29332,-1.11276,-0.182041
-2.04687,0.319424,1.3019,-0.299309,-1.12649,-0.179262
-2.09479,0.289961,1.3065,-0.287317,-1.14432,-0.195689
-2.04362,0.293554,1.29926,-0.283258,-1.12717,-0.184918
-2.04478,0.325888,1.3094,-0.289358,-1.13281,-0.170574
-2.04836,0.315947,1.30624,-0.287502,-1.1313,-0.174259
-2.10016,0.330429,1.32677,-0.296833,-1.15646,-0.178476
-2.09087,0.327163,1.31201,-0.29844,-1.14778,-0.181401
-2.08564,0.348913,1.32883,-0.31572,-1.14588,-0.175911
-2.02717,0.347704,1.26008,-0.303872,-1.10515,-0.1678
-2.05852,0.27372,1.33827,-0.288108,-1.14263,-0.197357
-2.03994,0.321304,1.28797,-0.29216,-1.12212,-0.175043
-2.06309,0.300967,1.27162,-0.297359,-1.11774,-0.191351
-2.06008,0.326335,1.32846,-0.3088,-1.13662,-0.182386
-2.05413,0.320549,1.25358,-0.294765,-1.11259,-0.18214
-2.05907,0.319072,1.35228,-0.309276,-1.14675,-0.185592
-2.05485,0.293821,1.29371,-0.294145,-1.12179,-0.191943
-2.08033,0.305461,1.30159,-0.291523,-1.13888,-0.188843
-2.04731,0.311152,1.27525,-0.285608,-1.1228,-0.181925
-2.01897,0.271966,1.26268,-0.268253,-1.10975,-0.192389
-2.08729,0.31067,1.29787,-0.288965,-1.14108,-0.187502
-2.05081,0.309058,1.29351,-0.287112,-1.13061,-0.183303
-2.04174,0.323255,1.30999,-0.290233,-1.13448,-0.174005
-2.06781,0.345445,1.33217,-0.3153,-1.14212,-0.174699
-2.08553,0.324847,1.32102,-0.300651,-1.14786,-0.184114
-2.07441,0.342245,1.26203,-0.295244,-1.12575,-0.172443
-2.05381,0.297275,1.30836,-0.294015,-1.13146,-0.189714
-2.0038,0.303694,1.29629,-0.28771,-1.11433,-0.177822
-2.07884,0.355231,1.2992,-0.304326,-1.14058,-0.1691
-2.02768,0.350025,1.27823,-0.305051,-1.11221,-0.16518
-2.02735,0.363148,1.27921,-0.304695,-1.11541,-0.159024
-2.04093,0.306258,1.25504,-0.281022,-1.11238,-0.183254
-2.04487,0.292172,1.30265,-0.286521,-1.12913,-0.188111
-2.07067,0.324665,1.33001,-0.302868,-1.14646,-0.178501
-2.05021,0.291778,1.27302,-0.288405,-1.11596,-0.190589
-2.06778,0.354502,1.36044,-0.316613,-1.15463,-0.169805
-2.02206,0.329224,1.24275,-0.290502,-1.10029,-0.171486
-2.06692,0.330317,1.31785,-0.304459,-1.14048,-0.176313
-2.0736,0.313956,1.31944,-0.295836,-1.14424,-0.184001
-2.03901,0.3216,1.28838,-0.296402,-1.12049,-0.177634
-2.04403,0.310723,1.32344,-0.299457,-1.13267,-0.18206
-2.05245,0.294127,1.32771,-0.293955,-1.13588,-0.189989
-2.00345,0.339286,1.28218,-0.291849,-1.11139,-0.163875
-2.04711,0.315658,1.27933,-0.287533,-1.1242,-0.178515
-2.01709,0.305579,1.29546,-0.292697,-1.11657,-0.17951
-2.037,0.294306,1.28127,-0.283676,-1.12175,-0.18274
-2.0431,0.313256,1.29355,-0.284274,-1.131,-0.177135
-2.05879,0.306449,1.26033,-0.278892,-1.12396,-0.181078
-2.06318,0.305774,1.29216,-0.277593,-1.13788,-0.180822
-2.07093,0.32442,1.28637,-0.292812,-1.13545,-0.178502
-2.06838,0.292577,1.28926,-0.279303,-1.13423,-0.188598
-2.04118,0.337387,1.31556,-0.296567,-1.13631,-0.168717
-2.04062,0.32504,1.33819,-0.295795,-1.14281,-0.173499
-2.04855,0.356679,1.24743,-0.288991,-1.11943,-0.159213
-2.09914,0.323655,1.36492,-0.303235,-1.16859,-0.183902
-2.05944,0.326699,1.28065,-0.296975,-1.12591,-0.1778
-2.04562,0.332607,1.26743,-0.300761,-1.11497,-0.174379
-2.04818,0.350174,1.28418,-0.304169,-1.12486,-0.167545
-2.04535,0.306167,1.29183,-0.294812,-1.12282,-0.186005
-2.06597,0.335076,1.34977,-0.306028,-1.15212,-0.177609
-2.01974,0.328427,1.28582,-0.296374,-1.11635,-0.171163
-2.02325,0.309247,1.30247,-0.293707,-1.12316,-0.17616
-2.05311,0.307576,1.31886,-0.293674,-1.13836,-0.182642
-2.02443,0.326527,1.24914,-0.286908,-1.10883,-0.17271
-2.04547,0.343506,1.29709,-0.296588,-1.13298,-0.168334
-2.02829,0.304529,1.24926,-0.284253,-1.10738,-0.181295
-2.06207,0.347481,1.31245,-0.304238,-1.14119,-0.168638
-2.07402,0.330157,1.30363,-0.302669,-1.1371,-0.180576
-2.0558,0.303792,1.25795,-0.287909,-1.11498,-0.187173
-2.03388,0.336087,1.24879,-0.294915,-1.10691,-0.171348
-2.06973,0.355571,1.26112,-0.303227,-1.12277,-0.169044
-2.04429,0.31619,1.34851,-0.300421,-1.14395,-0.18016
-2.03668,0.354343,1.29825,-0.299787,-1.12777,-0.161629
-2.08542,0.358611,1.34728,-0.310303,-1.16015,-0.167446
-2.05619,0.292782,1.2766,-0.285459,-1.12427,-0.188113
-2.06015,0.369503,1.32379,-0.313965,-1.14516,-0.16069
-2.03849,0.295061,1.30562,-0.289676,-1.12691,-0.188168
-2.04108,0.314982,1.29726,-0.288917,-1.12889,-0.17752
-2.05633,0.328169,1.33557,-0.299369,-1.14679,-0.174698
-2.02291,0.293416,1.29629,-0.285174,-1.12069,-0.184057
-2.03703,0.33718,1.2789,-0.296303,-1.11868,-0.169974
-2.08666,0.305217,1.31815,-0.291249,-1.14978,-0.189656
-2.02808,0.334121,1.28944,-0.298811,-1.11979,-0.172305
-2.02782,0.30815,1.28229,-0.287973,-1.11616,-0.181203
-2.02227,0.299984,1.25963,-0.28649,-1.10612,-0.184913
-2.09937,0.340427,1.35101,-0.310765,-1.1623,-0.178776
-2.02381,0.301249,1.25213,-0.285299,-1.10327,-0.182015
-2.02442,0.293665,1.25409,-0.283827,-1.10354,-0.185412
-2.05142,0.300664,1.27429,-0.287401,-1.12045,-0.184683
-2.08952,0.330463,1.33957,-0.307118,-1.15609,-0.182026
-2.06202,0.329983,1.27437,-0.292774,-1.12884,-0.175584
-2.06529,0.303149,1.26434,-0.284272,-1.1264,-0.182618
-2.0337,0.306344,1.28241,-0.282171,-1.12507,-0.175525
-2.05134,0.302622,1.28112,-0.284527,-1.12724,-0.18195
-2.09593,0.302889,1.33083,-0.288166,-1.16045,-0.188058
-2.11574,0.349406,1.30807,-0.304868,-1.1585,-0.177456
-2.05431,0.370405,1.27806,-0.309801,-1.12319,-0.161173
-2.06625,0.314384,1.30405,-0.29166,-1.13906,-0.183553
-2.07075,0.315962,1.32802,-0.293612,-1.1491,-0.183545
-2.03608,0.342531,1.31183,-0.309132,-1.12873,-0.172793
-2.08124,0.349087,1.32311,-0.315805,-1.14474,-0.177501
-2.05756,0.319668,1.23622,-0.297226,-1.10566,-0.184765
-2.04937,0.313584,1.31474,-0.302429,-1.13159,-0.185505
-2.02129,0.344439,1.31315,-0.305884,-1.12559,-0.167787
-2.06106,0.300543,1.24074,-0.285134,-1.11224,-0.189728
-2.08682,0.355573,1.33058,-0.31273,-1.1523,-0.173092
-2.09452,0.310102,1.30549,-0.297396,-1.14436,-0.191441
-2.05875,0.340591,1.31277,-0.305435,-1.13695,-0.174445
-2.05,0.334515,1.27995,-0.302392,-1.12291,-0.175307
-2.06282,0.30975,1.26611,-0.288505,-1.12535,-0.185705
-2.05426,0.337216,1.30856,-0.310075,-1.13326,-0.178672
-2.03533,0.362755,1.30142,-0.316597,-1.12542,-0.167097
-2.05757,0.345836,1.25025,-0.315282,-1.10835,-0.179452
-2.05091,0.321418,1.3027,-0.31045,-1.12582,-0.188555
-2.08603,0.335848,1.30622,-0.308284,-1.14287,-0.183951
-2.06693,0.334899,1.3143,-0.304514,-1.14147,-0.178205
-2.0595,0.332732,1.34307,-0.307194,-1.14698,-0.181185
-2.04805,0.315323,1.30499,-0.28935,-1.13437,-0.180028
-2.05714,0.351267,1.26396,-0.288837,-1.12652,-0.163613
-2.01764,0.325348,1.33831,-0.307924,-1.13145,-0.177383
-2.03473,0.310074,1.24632,-0.287419,-1.10558,-0.183047
-2.0647,0.32281,1.25923,-0.292261,-1.12271,-0.181501
-2.05295,0.329591,1.30369,-0.305694,-1.13156,-0.17539
-2.076,0.327866,1.31693,-0.30195,-1.14525,-0.180063
-2.0238,0.310401,1.28948,-0.295851,-1.11847,-0.179966
-2.08677,0.30703,1.28248,-0.286304,-1.14036,-0.187189
-2.04589,0.302834,1.33355,-0.292174,-1.14356,-0.182589
-2.00666,0.318772,1.3032,-0.300562,-1.11763,-0.175516
-2.06095,0.353611,1.26798,-0.303104,-1.12488,-0.168001
-2.03079,0.327994,1.25961,-0.294924,-1.11194,-0.174385
-2.05778,0.338172,1.29256,-0.304464,-1.13075,-0.174013
-2.02981,0.362045,1.33354,-0.307785,-1.14134,-0.161088
-1.21785,-3.78761,3.24428,1.03506,-1.50418,-1.57598
-2.07738,-1.9478,2.50256,0.456299,-1.5851,-0.995651
-2.23505,0.326282,1.18014,-0.185206,-1.20988,-0.149226
-2.01725,0.714177,1.06645,-0.305623,-1.09989,0.0333081
-1.86206,0.695972,0.955302,-0.30246,-1.00569,0.0494966
-1.84594,0.841542,1.05508,-0.35516,-1.03548,0.110438
-1.82311,0.760459,1.0628,-0.332627,-1.02941,0.0832501
-1.83032,0.756771,1.04508,-0.322401,-1.02883,0.0790589
-1.79802,0.67348,1.01115,-0.298818,-1.00207,0.0476992
-1.86059,0.596003,1.10011,-0.272569,-1.05721,0.0181885
-1.88561,0.629581,1.0627,-0.289861,-1.04877,0.0231064
-1.84186,0.604506,1.07283,-0.282418,-1.0392,0.0196315
-1.84988,0.645348,1.07117,-0.297348,-1.03753,0.0277755
-1.84515,0.618992,1.02484,-0.273406,-1.0235,0.0259834
-1.87776,0.605716,1.08202,-0.285505,-1.05018,0.0137229
-1.86402,0.635163,1.03289,-0.283735,-1.03315,0.0274614
-1.82209,0.652302,1.08344,-0.295208,-1.03721,0.0403353
-1.87484,0.604304,1.155,-0.280347,-1.08487,0.0220389
-1.93103,0.79509,1.16747,-0.337814,-1.10295,0.0830011
-1.69247,1.27932,1.05654,-0.43153,-1.00499,0.302537
-1.40239,1.56008,1.33819,-0.533204,-1.05136,0.455232
-1.49584,1.16814,1.43844,-0.507055,-1.08234,0.29268
-2.08846,0.859289,0.751877,-0.354306,-0.955236,0.098982
-2.25882,0.969681,0.351726,-0.338397,-0.836368,0.111797
-1.99084,0.973428,0.168669,-0.287022,-0.684699,0.152592
-1.48178,0.709466,0.100255,-0.214358,-0.507491,0.121051
-1.10042,0.453301,0.202492,-0.168335,-0.426658,0.0774804
-1.1758,0.314272,0.205996,-0.122955,-0.443021,0.022036
-1.38231,0.247248,0.381759,-0.127423,-0.561612,-0.0373473
-1.44456,0.262515,0.615867,-0.175307,-0.660253,-0.0504683
-1.51488,0.474865,0.689545,-0.215897,-0.709586,0.027426
-1.42253,0.618427,0.693753,-0.242654,-0.681861,0.0974228
-1.3784,0.582914,0.814836,-0.254899,-0.728842,0.090634
-1.33579,0.618989,0.801386,-0.268045,-0.718725,0.108484
-1.25374,0.696417,0.899629,-0.286427,-0.738557,0.150468
-1.2545,0.715495,0.95651,-0.282553,-0.766675,0.158558
-1.28169,0.695294,0.946391,-0.266518,-0.766241,0.147573
-1.49139,0.708843,0.904475,-0.274747,-0.800192,0.12258
-1.70444,0.577487,0.798158,-0.239807,-0.816631,0.0413376
-1.78622,0.410861,0.968685,-0.229474,-0.90569,-0.0365982
-1.70964,0.30283,1.09579,-0.229635,-0.93625,-0.0681148
-1.69154,0.240398,1.20331,-0.234085,-0.978397,-0.0902824
-1.63539,0.137288,1.15328,-0.20191,-0.948358,-0.122341
-1.66143,0.0838402,1.25421,-0.209703,-0.98807,-0.149891
-1.63357,0.0874534,1.26223,-0.209219,-0.982196,-0.144378
-1.67632,0.0527495,1.30502,-0.204531,-1.01268,-0.163225
-1.73962,0.0263347,1.3246,-0.200454,-1.03495,-0.183235
-2.01033,0.167781,1.52427,-0.256848,-1.18496,-0.165997
-1.99805,0.576261,1.6639,-0.356749,-1.24511,-0.0043717
-1.94406,0.466347,1.53556,-0.316677,-1.18363,-0.0400792
-2.17817,0.412633,1.79658,-0.348248,-1.34887,-0.0970434
-2.51121,0.0888246,1.50025,-0.215383,-1.32496,-0.271372
-2.81202,0.220332,1.74887,-0.269613,-1.49305,-0.258482
-3.15053,0.195864,2.22391,-0.327677,-1.75707,-0.309321
-3.2366,-0.706886,1.71636,-0.105263,-1.56272,-0.668727
-2.77377,-1.56681,1.32858,0.124342,-1.27205,-0.932588
-2.39542,-1.03468,1.49765,-0.0339153,-1.24435,-0.67189
-2.59674,-1.03644,0.918313,0.0629307,-1.06926,-0.694421
-3.58299,-1.50291,-0.167877,0.290348,-0.884723,-1.00929
-3.67886,-1.96943,-0.363314,0.415172,-0.828318,-1.16177
-2.1184,-2.60507,0.430413,0.504212,-0.690732,-1.12499
-1.83004,-1.9106,0.831887,0.210505,-0.761996,-0.784569
-2.00306,-1.46461,0.762656,0.0316035,-0.787961,-0.636925
-2.04964,-1.15957,0.78867,-0.0922663,-0.831352,-0.48328
-2.22628,-1.04977,0.809957,-0.148107,-0.897973,-0.442767
-2.55502,-1.04955,1.08729,-0.193256,-1.12082,-0.447542
-2.88322,-0.453582,1.51419,-0.404881,-1.41601,-0.19738
-3.36416,-0.554942,1.74283,-0.401719,-1.6638,-0.244289
-3.89648,-0.509601,1.86894,-0.455848,-1.86584,-0.279427
-3.94497,-0.224533,2.22367,-0.606641,-2.00632,-0.204034
-3.83892,-0.145248,2.50463,-0.646744,-2.06811,-0.217877
-3.17498,-0.156839,2.22822,-0.615699,-1.72425,-0.180829
-2.97108,0.163865,2.35866,-0.781075,-1.664,-0.0698395
-3.75416,0.752714,2.51727,-1.01813,-1.90594,0.0754112
-4.93419,0.583608,2.83119,-0.977834,-2.3264,-0.0231973
-5.195,0.566598,3.14953,-1.04266,-2.55503,0.011371
-5.04725,0.632463,3.45895,-1.13763,-2.61636,0.075447
-4.36001,0.532905,3.87573,-1.14962,-2.5447,0.084529
-4.31515,0.609343,5.42122,-1.29089,-3.1112,0.114566
-4.02879,0.523929,4.49835,-1.21381,-2.61057,0.075364
-4.78298,0.799466,4.29769,-1.30293,-2.73647,0.115526
-4.12322,0.543505,3.56068,-1.1939,-2.21077,0.0458409
-3.404,0.238784,2.67689,-1.07097,-1.62071,-0.0345744
-2.67345,-0.160927,2.19975,-0.970877,-1.21191,-0.139383
-0.959657,-0.36447,1.26641,-0.87836,-0.28371,-0.088407
0.342651,-0.352815,1.57931,-0.873397,0.0121891,0.0228511
0.488888,-0.290044,1.00383,-0.844069,0.323263,0.0631768
0.219264,-0.312937,0.968251,-0.640127,0.198583,0.0378462
0.816557,-0.587035,0.80936,-0.513256,0.422573,-0.0351619
0.286167,-0.675854,0.901866,-0.551873,0.291036,-0.116828
-0.103331,-0.51221,1.45812,-0.661833,0.00696533,-0.0731324
0.00420464,-0.512913,1.89693,-0.720394,-0.140693,-0.0643497
0.225623,-0.480975,3.03644,-0.847011,-0.61056,-0.0331252
0.1165,-0.55065,2.79993,-0.763067,-0.561837,-0.0765247
-0.243453,-0.663956,3.21646,-0.726974,-0.79889,-0.151321
-0.284672,-0.731432,3.58687,-0.765903,-0.931294,-0.170644
-0.0416691,-0.829629,3.1992,-0.733772,-0.664984,-0.17978
-0.160864,-0.736705,2.5362,-0.64462,-0.393505,-0.151001
-0.370091,-0.719967,1.54735,-0.589476,0.00144616,-0.165307
-0.492226,-0.686154,1.61304,-0.608494,-0.0463636,-0.164275
-0.451678,-0.794859,2.23745,-0.659931,-0.316688,-0.218422
-0.391653,-0.858691,3.34066,-0.771254,-0.84966,-0.251242
-0.193399,-0.871783,3.79809,-0.847042,-1.11963,-0.245157
-0.264409,-0.997192,3.81498,-0.856827,-1.18675,-0.292292
-0.585776,-0.980189,3.39714,-0.835968,-1.04965,-0.299712
-0.884196,-1.11313,3.05382,-0.78187,-0.915618,-0.374174
-1.34438,-1.37733,2.32081,-0.657991,-0.63635,-0.525302
-1.5365,-1.4232,2.17361,-0.659322,-0.557774,-0.571615
-1.48805,-1.48462,1.89569,-0.624208,-0.446819,-0.606319
-0.879645,-1.50201,1.61599,-0.609556,-0.261317,-0.575101
-0.734443,-1.16451,1.66655,-0.580934,-0.338882,-0.417317
-0.29858,-0.736212,1.78818,-0.490942,-0.421685,-0.190884
-0.107404,-0.0430531,1.66963,-0.39619,-0.343096,0.152262
0.452049,0.479849,1.64135,-0.336729,-0.180524,0.473416
0.547898,0.78435,0.506632,-0.382367,0.374383,0.629661
0.309749,0.827149,-0.249981,-0.539767,0.676081,0.600063
0.266187,0.473279,-0.618464,-0.453735,0.809641,0.443944
0.440703,0.513063,-0.731031,-0.427412,0.80583,0.461213
0.926346,0.351109,-0.693706,-0.409346,0.700605,0.411372
1.77914,0.171176,-1.12399,-0.349144,1.00489,0.380631
2.04842,0.180111,-1.46722,-0.307914,1.16563,0.404282
2.05756,0.321043,-2.17239,-0.266246,1.35987,0.463416
2.40082,0.59122,-3.18313,-0.25069,1.81329,0.608379
3.78655,0.515623,-3.47396,-0.105132,2.2721,0.724999
4.46357,0.249582,-3.02409,-0.0227387,2.25568,0.659074
4.53945,-0.274293,-2.57593,0.189531,2.1001,0.421764
3.37316,-0.499092,-2.33894,0.295646,1.75463,0.232744
2.27982,-0.777359,-2.08349,0.36253,1.32781,0.0272628
0.52199,-0.982114,-1.15783,0.287571,0.480451,-0.246723
0.194859,-1.08231,-0.768035,0.246205,0.239188,-0.333153
0.148706,-1.31188,-0.122809,0.246307,-0.0561612,-0.43696
0.188519,-0.755499,0.70992,0.139068,-0.472764,-0.177097
0.523123,-0.498107,0.983638,0.154514,-0.471002,-0.0337786
0.46571,-0.445718,0.828329,0.195553,-0.39818,-0.00900609
0.0211254,-0.293932,0.434658,0.216039,-0.327202,0.0273135
-0.583287,-0.462804,0.0798696,0.231781,-0.260835,-0.0992144
-0.796238,-0.50278,-0.309447,0.280741,-0.0766664,-0.131536
-0.635657,-0.684049,0.0575441,0.298918,-0.211035,-0.198546
-0.911656,-0.592768,0.974984,0.191836,-0.700005,-0.18524
-1.20558,-0.688683,1.03718,0.218163,-0.803373,-0.25396
-1.5684,-0.645123,1.13682,0.225598,-0.926954,-0.264125
-1.77633,-0.636613,1.0657,0.23633,-0.921644,-0.27701
-2.15193,-0.458492,1.0031,0.205946,-0.9697,-0.239723
-2.24834,-0.482217,1.58734,0.178187,-1.23701,-0.263433
-2.23688,-0.477038,1.88162,0.16672,-1.36374,-0.262453
-2.61393,-0.612184,2.22576,0.17443,-1.58615,-0.343355
-2.78813,-0.603424,2.24674,0.137759,-1.62565,-0.351763
-2.72663,-0.635245,2.12447,0.141559,-1.5513,-0.35991
-3.01932,-0.500994,2.21748,0.130049,-1.65539,-0.32208
-2.99956,-0.431039,2.53525,0.0833528,-1.79468,-0.289983
-3.20093,-0.387956,3.01567,0.0322954,-2.06522,-0.283673
-3.04695,-0.397176,2.86205,0.0593248,-1.95935,-0.276058
-2.69747,-0.281294,2.66199,0.0623825,-1.7913,-0.200054
-2.4957,-0.250791,2.19275,0.134251,-1.55656,-0.17067
-2.66699,-0.285181,1.92178,0.190983,-1.48395,-0.20662
-2.74563,-0.40265,1.66261,0.229459,-1.38817,-0.271919
-2.51976,-0.481722,1.62659,0.282015,-1.30645,-0.285798
-2.03053,-0.552512,1.60136,0.3122,-1.15707,-0.292179
-1.75464,-0.498451,1.4004,0.31913,-0.991367,-0.256239
-1.45702,-0.550521,1.33727,0.344317,-0.884187,-0.252198
-1.2653,-0.583574,1.63948,0.339162,-0.943909,-0.247862
-1.33594,-0.619451,1.82917,0.329304,-1.00815,-0.268461
-1.93737,-0.615982,1.85127,0.335576,-1.15466,-0.314268
-2.2563,-0.553761,1.72685,0.324578,-1.21395,-0.313259
-2.18243,-0.526565,1.91164,0.308031,-1.2786,-0.293343
-2.19915,-0.594657,2.15678,0.304382,-1.38823,-0.326618
-2.34036,-0.608203,2.11035,0.318445,-1.41078,-0.344623
-2.49407,-0.548543,2.34744,0.282237,-1.54961,-0.335638
-2.69046,-0.463336,2.59491,0.227379,-1.7115,-0.320951
-3.06252,-0.461119,2.61053,0.210004,-1.80867,-0.354933
-3.01958,-0.398439,2.7502,0.169598,-1.84531,-0.323731
-3.10511,-0.236284,2.90139,0.112517,-1.9238,-0.261725
-3.13643,-0.140593,2.64016,0.10463,-1.8184,-0.219952
-3.15551,-0.153919,2.46637,0.120236,-1.7328,-0.226501
-2.95051,-0.215871,2.10501,0.158491,-1.51709,-0.242581
-2.78036,-0.368834,2.05907,0.207878,-1.44274,-0.292578
-2.38651,-0.394332,1.89147,0.225964,-1.26618,-0.274928
-1.86179,-0.415276,1.83684,0.260083,-1.08902,-0.239775
-1.23001,-0.439008,1.55829,0.325549,-0.82507,-0.194882
-0.690604,-0.619332,1.16531,0.401573,-0.540426,-0.234867
-0.458082,-0.839817,0.977334,0.428856,-0.417733,-0.322997
0.142146,-1.03816,0.436047,0.499193,-0.0419723,-0.365477
0.354799,-0.972143,0.104854,0.526145,0.155609,-0.31664
0.339076,-0.887501,0.100956,0.524775,0.129469,-0.275734
0.641177,-0.961354,0.253761,0.522341,0.11846,-0.286526
0.898363,-0.969219,0.418691,0.516341,0.0985182,-0.26939
0.942943,-0.96555,0.296569,0.531979,0.160823,-0.260567
0.909801,-0.967205,0.300789,0.517926,0.157487,-0.267707
0.877452,-0.919133,0.269356,0.516926,0.157961,-0.249392
1.03149,-1.01685,0.191071,0.538944,0.248841,-0.278782
1.58476,-1.10043,-0.197124,0.611163,0.560927,-0.26159
1.68836,-1.00296,-0.421924,0.598267,0.68981,-0.213388
1.74327,-1.00722,-0.526679,0.619276,0.750992,-0.209654
1.83154,-1.04869,-0.644159,0.636365,0.840815,-0.226058
1.96023,-1.05289,-0.634654,0.648844,0.870557,-0.217369
2.03849,-0.988006,-0.589192,0.659937,0.862208,-0.179746
1.9858,-1.03952,-0.627327,0.674091,0.86539,-0.2061
1.80479,-0.991646,-0.865481,0.666289,0.929621,-0.206384
1.79261,-1.00762,-0.861174,0.671791,0.926334,-0.214737
1.77404,-0.893246,-0.706837,0.657864,0.84456,-0.161483
1.65982,-0.977406,-0.719638,0.65129,0.823345,-0.212991
1.46814,-1.01723,-0.515317,0.626932,0.686272,-0.248461
1.40443,-0.980311,-0.478848,0.607317,0.641571,-0.239778
1.53707,-0.928866,-0.493877,0.603223,0.662719,-0.205636
1.6839,-0.864925,-0.501362,0.613178,0.687769,-0.163082
1.82138,-0.85563,-0.545525,0.619123,0.734206,-0.144944
1.87926,-0.825844,-0.367564,0.615871,0.654959,-0.131649
1.98443,-0.846385,-0.345454,0.58905,0.675044,-0.149938
1.94636,-0.894005,-0.467785,0.581848,0.721241,-0.177677
2.03814,-0.862714,-0.506439,0.58754,0.758597,-0.158058
2.0886,-0.826845,-0.46494,0.589134,0.74679,-0.136688
2.09121,-0.820019,-0.431964,0.588431,0.734046,-0.13059
2.23842,-0.723239,-0.331752,0.572976,0.729408,-0.0795822
2.32218,-0.734573,-0.339896,0.571131,0.758672,-0.0819897
2.33321,-0.687234,-0.314837,0.541437,0.755226,-0.0655406
2.24582,-0.613265,-0.473899,0.547922,0.801671,-0.0358553
2.32178,-0.623213,-0.556484,0.555897,0.8656,-0.0318572
2.30467,-0.603712,-0.446876,0.547897,0.822496,-0.0255819
2.31047,-0.596092,-0.432634,0.547095,0.827149,-0.0191829
2.24579,-0.58814,-0.386239,0.554982,0.792461,-0.0182897
2.02239,-0.575998,-0.415605,0.548562,0.754726,-0.0349706
1.91868,-0.546214,-0.357574,0.526978,0.714099,-0.0296701
1.61929,-0.522462,-0.511977,0.542919,0.709145,-0.0416754
1.27171,-0.478342,-0.76241,0.532499,0.732396,-0.0546335
1.15383,-0.412153,-0.779202,0.525153,0.69897,-0.0339783
1.11967,-0.466344,-0.730601,0.519341,0.6645,-0.0602363
1.20014,-0.425742,-0.497937,0.495574,0.57744,-0.0336613
1.36863,-0.436586,-0.387993,0.484938,0.567504,-0.0251568
1.39632,-0.445923,-0.122213,0.451774,0.461817,-0.0270449
1.41493,-0.46895,-0.05555,0.446052,0.441425,-0.0356464
1.3186,-0.43998,0.124639,0.446405,0.337231,-0.0281402
1.14939,-0.384379,-0.0253815,0.437129,0.368401,-0.0204638
1.09506,-0.411249,-0.197566,0.451907,0.433284,-0.0361209
1.20322,-0.457778,-0.0664238,0.4734,0.388701,-0.0456345
1.43747,-0.535644,0.047268,0.480332,0.395197,-0.0659995
1.54666,-0.43614,0.35699,0.450286,0.281409,-0.0126046
1.71106,-0.472858,0.689165,0.438227,0.184204,-0.0149553
1.38095,-0.449873,0.500963,0.43724,0.178592,-0.0323535
1.34678,-0.448967,0.739373,0.432404,0.0663811,-0.0311981
1.16099,-0.332107,0.750534,0.390465,0.0307887,-0.00101959
1.19109,-0.397842,0.723006,0.407593,0.0617739,-0.026514
1.05365,-0.377326,0.768832,0.394546,0.0177305,-0.0255431
1.03924,-0.359048,0.977911,0.368993,-0.0597439,-0.0193739
1.02877,-0.419589,1.16233,0.373248,-0.125954,-0.0448313
0.817179,-0.350977,1.36797,0.346165,-0.258838,-0.0319701
0.610765,-0.301824,1.46398,0.318835,-0.340108,-0.0270062
0.585644,-0.255463,1.58123,0.301542,-0.392381,-0.00653981
0.300853,-0.327793,1.62071,0.317956,-0.474039,-0.0569184
0.242466,-0.316296,1.65759,0.30154,-0.500306,-0.0553622
0.218038,-0.236792,1.87165,0.283036,-0.598183,-0.0173581
0.263549,-0.131693,2.09101,0.234037,-0.677424,0.0302776
-0.570058,-0.501715,1.88806,0.115602,-0.700011,-0.223104
-1.57054,-0.971723,1.63957,0.0367586,-0.714935,-0.531486
-2.23518,-1.32813,1.32161,-0.0465912,-0.643209,-0.756594
-2.6733,-1.61933,0.912488,-0.145626,-0.484067,-0.94046
-2.77866,-1.8261,0.537382,-0.14847,-0.310317,-1.06566
-3.14814,-2.19527,0.278808,-0.170382,-0.207747,-1.29108
-3.22979,-2.37827,0.341789,-0.105428,-0.117253,-1.37649
-3.12661,-2.22421,0.447146,-0.0970171,-0.0576758,-1.29895
-3.08565,-2.09955,0.356931,-0.085202,0.00315563,-1.23785
-2.91657,-1.80049,0.28682,-0.178082,0.0892409,-1.09094
-2.68416,-1.4588,0.36284,-0.285094,0.148228,-0.914417
-2.42511,-1.03359,0.875969,-0.428342,0.00643522,-0.683478
-2.15451,-0.78355,1.09961,-0.482529,-0.0173334,-0.503904
-2.18919,-0.431466,1.40396,-0.558829,-0.186915,-0.329942
-1.91485,-0.355673,1.18245,-0.563406,-0.0337569,-0.277466
-1.66066,-0.22601,1.01346,-0.634337,0.126582,-0.207211
-1.47371,-0.180413,0.922571,-0.622287,0.241387,-0.141657
-1.76462,0.00324096,1.35993,-0.69297,0.022975,-0.0486473
-1.7357,0.0209632,1.69668,-0.701762,-0.0968425,-0.00307382
-1.63207,0.162125,1.88996,-0.757626,-0.129966,0.0765643
-1.72697,0.261267,1.67708,-0.796146,-0.0346653,0.10928
-1.94439,0.4359,1.59989,-0.842176,0.0067735,0.173862
-1.86477,0.437863,1.44465,-0.829632,0.136047,0.193143
-1.38908,0.460599,1.06658,-0.804371,0.455804,0.238574
-1.13678,0.353042,0.809252,-0.764012,0.658758,0.216128
-0.568401,0.309193,0.20951,-0.694784,1.09554,0.254107
-0.418067,0.333463,0.505331,-0.723415,1.02543,0.281677
-0.0843314,0.359012,0.850781,-0.779106,0.974265,0.326622
-0.037778,0.424745,1.02721,-0.811892,0.924571,0.368354
-0.0367491,0.531656,1.29727,-0.862113,0.826979,0.420703
-0.19997,0.618364,1.28222,-0.890522,0.818952,0.44887
-0.294263,0.667682,1.38043,-0.909869,0.773861,0.459165
0.0764355,0.820954,1.55152,-0.927678,0.808481,0.557605
0.239236,0.893405,1.66597,-0.947116,0.826432,0.609483
-0.351402,1.03528,1.9906,-0.997676,0.602264,0.627445
-0.770104,1.08486,2.24785,-1.03676,0.431777,0.608333
-0.840578,1.12893,2.13168,-1.02523,0.453254,0.603491
-0.532026,1.01386,1.59673,-0.956665,0.722148,0.56873
-0.159814,1.05606,0.881736,-0.909052,1.09226,0.618063
0.385378,1.03584,0.513354,-0.8812,1.38357,0.655518
0.870729,1.03396,0.325453,-0.905827,1.58063,0.692061
0.715539,1.2374,0.476208,-1.05804,1.51411,0.768104
0.670435,1.44394,0.706386,-1.16784,1.43064,0.848098
0.802218,1.50493,0.616145,-1.24134,1.52182,0.887828
0.930795,1.49319,0.613325,-1.26491,1.56641,0.897164
0.830215,1.41287,0.752722,-1.25819,1.48188,0.871831
0.334729,1.30035,0.979126,-1.27386,1.24253,0.778985
0.0256088,1.28137,2.24284,-1.34131,0.607006,0.764729
-1.37786,1.69089,4.98648,-1.58757,-0.984147,0.825266
-1.99599,1.40037,3.69961,-1.44761,-0.723127,0.632971
1.31805,0.862818,-4.25985,-0.728976,3.35329,0.642
1.06988,0.339897,-0.646841,-0.918367,1.86169,0.380253
1.39576,0.498806,-0.361811,-0.931789,1.88713,0.524555
1.38277,1.06964,-0.176517,-1.06155,1.8659,0.794172
1.45006,1.13172,-0.0572044,-1.10081,1.84297,0.810429
1.18395,1.33782,0.22267,-1.14136,1.63916,0.869425
0.987978,1.53483,0.407943,-1.2094,1.52265,0.940391
1.34408,1.57464,0.33893,-1.24094,1.64447,0.98333
1.63753,1.6104,0.270542,-1.23317,1.74368,1.01169
1.80949,1.5047,0.0829506,-1.18999,1.86506,0.97683
1.82906,1.43026,0.125645,-1.21699,1.86833,0.934213
1.83772,1.32069,0.0629676,-1.20828,1.875,0.888122
1.65819,1.25858,0.0585664,-1.24672,1.82796,0.845426
1.26123,1.31606,0.0547068,-1.27992,1.7173,0.83903
0.582088,1.05476,-0.00766357,-1.32328,1.58373,0.655967
0.715071,0.930881,-0.929612,-1.23683,1.97811,0.60678
0.830354,1.07868,-1.68509,-1.1877,2.27883,0.669873
0.456051,1.45036,-2.60866,-1.23495,2.46733,0.734174
1.16443,1.23005,-2.44571,-1.31524,2.56026,0.664386
2.11323,0.851637,-2.53988,-1.26774,2.7693,0.58016
2.2414,0.752492,-2.72216,-1.20297,2.8699,0.548598
1.87062,0.612998,-2.8224,-1.14179,2.87655,0.455119
1.91452,0.391541,-3.10556,-1.10171,3.00784,0.35866
2.01367,0.288108,-3.46073,-1.07293,3.14149,0.31934
2.18002,0.106629,-5.11049,-0.961247,3.89973,0.239226
2.02789,0.12176,-5.47149,-0.899956,4.0049,0.227158
2.17447,0.503586,-5.49285,-0.949298,4.08106,0.406054
2.58716,0.411189,-6.03136,-0.942771,4.44475,0.38517
2.88256,0.292623,-6.49909,-0.962964,4.73575,0.357217
3.02955,0.28635,-4.92871,-1.11832,4.05339,0.387962
3.18988,0.388205,-4.28194,-1.22883,3.7834,0.43434
3.31249,0.583788,-3.1487,-1.40404,3.30645,0.517047
3.20474,0.699343,-3.41403,-1.50146,3.3765,0.51078
2.92141,0.815961,-3.21866,-1.54546,3.16817,0.518107
2.6367,0.576935,-1.82554,-1.54375,2.45612,0.405357
2.2539,0.564813,-0.364354,-1.46505,1.6547,0.368482
2.04799,0.287877,-0.230392,-1.27262,1.53069,0.224103
1.3459,0.170928,0.0647088,-1.26856,1.23027,0.11841
0.772742,0.324811,0.319388,-1.33351,0.986617,0.159288
0.442524,0.41332,0.362597,-1.38173,0.896036,0.181056
0.222598,0.510391,-0.00923031,-1.40718,1.01702,0.201748
0.566986,0.385174,-0.588457,-1.34018,1.40778,0.188631
0.932526,0.573599,-0.738053,-1.37663,1.57232,0.290196
0.918354,0.533942,-0.880309,-1.36413,1.63772,0.259329
0.86223,0.526081,-1.11246,-1.33987,1.70824,0.236339
0.649886,0.672366,-0.895572,-1.35505,1.5313,0.261232
0.762622,0.586633,-0.91899,-1.34595,1.57223,0.226814
0.723199,0.500879,-0.85094,-1.32122,1.53885,0.192488
0.807213,0.381986,-1.01701,-1.30386,1.64466,0.163354
0.901454,0.270653,-1.12765,-1.27454,1.71678,0.140937
1.11933,0.306819,-0.967229,-1.2742,1.68875,0.174403
0.962439,0.377024,-0.860842,-1.26822,1.60452,0.177167
0.61198,0.294003,-0.968401,-1.23378,1.56408,0.099535
0.683358,0.413926,-0.895124,-1.22599,1.53984,0.155503
0.6333,0.571522,-0.8475,-1.22099,1.47945,0.221119
0.563643,0.536456,-0.827662,-1.19619,1.45313,0.192519
0.586522,0.487888,-0.778111,-1.18318,1.43794,0.171058
0.569733,0.557088,-0.946995,-1.17926,1.50744,0.201031
0.540259,0.50361,-1.15725,-1.18729,1.60874,0.17561
0.612257,0.492055,-1.31502,-1.1608,1.69405,0.173679
0.514365,0.421455,-1.24031,-1.159,1.61121,0.134235
0.587695,0.507571,-1.0669,-1.17914,1.52979,0.177472
0.659456,0.478341,-0.981056,-1.17018,1.50356,0.168516
0.693265,0.495358,-0.852701,-1.17737,1.45724,0.178568
0.716515,0.566892,-0.733071,-1.19268,1.40247,0.215126
0.688641,0.632351,-0.456124,-1.22924,1.28429,0.241225
0.675055,0.523513,-0.432443,-1.21952,1.28206,0.189029
0.73586,0.494875,-0.432482,-1.22756,1.27906,0.178298
0.819463,0.455735,-0.517121,-1.22812,1.32533,0.1697
0.808286,0.429086,-0.525968,-1.21655,1.32769,0.157253
0.701576,0.394029,-0.518576,-1.22117,1.30385,0.130839
0.665651,0.323138,-0.643669,-1.19009,1.35002,0.0955724
0.360948,0.274488,-0.731606,-1.18274,1.3103,0.0522173
0.220438,0.252335,-0.798311,-1.17646,1.31534,0.0299891
0.283483,0.24616,-0.923953,-1.17506,1.4049,0.0359314
0.462819,0.0567386,-1.03116,-1.12173,1.50608,-0.0159092
0.682365,-0.0110216,-1.11778,-1.09218,1.60014,-0.0180412
0.807857,-0.264265,-1.15472,-1.01174,1.65179,-0.108283
0.764184,-0.697391,-1.40241,-0.902076,1.75878,-0.291751
0.899539,-1.00331,-1.63052,-0.866364,1.92113,-0.424043
0.913423,-1.24838,-1.93339,-0.802563,2.07705,-0.51869
1.09759,-1.49035,-2.27962,-0.756548,2.34577,-0.615121
0.978306,-1.60647,-2.2962,-0.756156,2.38792,-0.674254
0.960827,-1.83835,-2.2665,-0.708764,2.40715,-0.772134
0.950951,-2.02672,-2.3489,-0.676945,2.44231,-0.857536
1.06964,-2.44157,-2.56568,-0.585918,2.56427,-1.02995
1.21685,-2.96016,-2.60042,-0.48913,2.62411,-1.24907
1.36734,-3.46064,-2.3692,-0.437802,2.55366,-1.46199
1.39098,-3.44594,-2.09427,-0.491898,2.40742,-1.46001
1.3735,-3.23615,-2.02312,-0.578453,2.33818,-1.38528
1.58447,-3.06587,-1.66554,-0.654383,2.21911,-1.29945
1.76426,-2.90443,-1.22235,-0.698782,2.07008,-1.1997
1.94396,-2.76501,-1.02574,-0.736172,2.02358,-1.11119
2.0823,-2.68584,-0.987399,-0.743062,2.03383,-1.05014
2.05732,-2.46831,-0.925268,-0.792018,1.99272,-0.942135
1.9609,-2.57934,-1.16987,-0.773493,2.08194,-0.992559
1.91326,-2.74674,-1.35849,-0.739321,2.15704,-1.06453
2.00465,-3.20071,-1.42607,-0.629206,2.2012,-1.24011
1.85373,-3.54921,-1.4633,-0.556,2.16992,-1.41789
1.92168,-3.82887,-1.19517,-0.509333,2.05444,-1.54714
2.01261,-3.82651,-1.04531,-0.515186,2.00643,-1.54665
1.99577,-3.82827,-0.930268,-0.516893,1.96736,-1.55491
1.94755,-3.90137,-1.02582,-0.498646,1.98372,-1.58772
1.99063,-3.93613,-1.10557,-0.488248,2.02136,-1.59473
2.09526,-4.19512,-1.18984,-0.423308,2.07397,-1.697
1.95746,-4.24765,-1.21982,-0.425311,2.04683,-1.74027
1.95904,-4.48117,-1.25429,-0.386995,2.04982,-1.84966
2.05462,-4.49825,-1.11828,-0.403047,2.0052,-1.85761
2.15662,-4.52509,-0.88578,-0.413585,1.9317,-1.86036
2.14224,-4.46324,-0.766394,-0.446174,1.88102,-1.84168
2.12424,-4.47971,-0.84534,-0.424827,1.90754,-1.84334
2.00198,-4.53111,-0.858086,-0.39169,1.88495,-1.86272
1.92359,-4.42004,-0.852636,-0.392407,1.85272,-1.8181
1.84688,-4.21378,-0.909536,-0.179857,1.7212,-1.71691
1.92158,-4.11971,-0.898949,-0.0246697,1.64544,-1.66298
2.05856,-3.87029,-0.833637,0.177217,1.49628,-1.52783
1.88635,-3.63137,-0.890434,0.297006,1.36784,-1.42114
1.58047,-3.07691,-0.975552,0.301482,1.25244,-1.18776
1.6393,-2.48542,-0.924606,0.26596,1.18908,-0.900768
1.71533,-2.33843,-0.848888,0.257405,1.16274,-0.818981
1.74986,-2.62545,-1.20492,0.364246,1.32067,-0.943182
1.61797,-2.92597,-1.11405,0.414472,1.26018,-1.09086
1.40549,-3.3884,-1.14058,0.498188,1.22131,-1.32144
1.32764,-3.75796,-1.25717,0.560542,1.24362,-1.5075
1.25347,-4.17854,-1.22013,0.681736,1.19791,-1.71277
1.4488,-4.67731,-1.3143,0.779711,1.29715,-1.89763
1.33228,-4.99578,-1.47825,0.839879,1.33207,-2.02274
1.16865,-5.76949,-1.82244,1.03426,1.43662,-2.29609
1.2471,-6.52068,-2.1555,1.22299,1.61135,-2.57179
1.54843,-7.40595,-2.26835,1.39354,1.76886,-2.91313
2.06493,-8.16913,-2.19049,1.47582,1.8928,-3.24118
2.11011,-8.65064,-2.19969,1.48521,1.90319,-3.48959
2.2796,-9.28186,-2.33458,1.568,1.99506,-3.78243
2.40808,-9.79071,-2.25855,1.60834,1.98798,-4.01819
2.6493,-10.2302,-2.36683,1.69656,2.0956,-4.17952
2.80511,-10.5139,-2.48161,1.7443,2.1823,-4.29261
3.23752,-10.8155,-2.64394,1.76087,2.3387,-4.41643
3.16523,-10.7061,-2.35843,1.67462,2.13007,-4.39347
2.60728,-10.4947,-1.76143,1.54362,1.68291,-4.3587
2.12812,-10.294,-1.72253,1.45933,1.51757,-4.32231
1.48499,-10.3648,-1.43795,1.45951,1.23436,-4.3849
1.19892,-10.4502,-0.842202,1.51207,0.916339,-4.3952
0.735403,-11.0885,-0.128856,1.69156,0.491166,-4.62001
0.533831,-12.055,0.3552,1.95273,0.231603,-4.95453
0.731365,-12.9668,0.89091,2.13075,0.0638961,-5.30431
0.497251,-13.2052,1.3568,2.14211,-0.216105,-5.40055
-0.0312458,-12.4995,1.5922,1.93706,-0.482888,-5.11708
-0.0136892,-12.0425,1.50919,1.81934,-0.444613,-4.94517
0.358768,-10.4256,1.65162,1.47254,-0.38893,-4.25597
0.73217,-9.66728,1.5128,1.34552,-0.18368,-3.90966
1.00329,-9.63982,1.6918,1.36461,-0.172645,-3.8997
0.981131,-9.54956,2.00294,1.36804,-0.30788,-3.86727
0.952433,-9.73222,2.77743,1.44682,-0.577201,-3.93483
0.455367,-10.4906,2.9557,1.60915,-0.740274,-4.28572
0.224852,-11.2654,3.10202,1.83049,-0.852291,-4.59734
-0.0654288,-11.5941,3.3918,1.95621,-1.05379,-4.70205
-1.07125,-11.2347,3.65136,1.88475,-1.43395,-4.53384
-1.33126,-10.7979,3.84841,1.804,-1.58448,-4.33736
-1.31271,-9.53975,4.32641,1.58139,-1.79435,-3.81503
-0.634228,-7.72723,3.37014,1.26933,-1.19456,-3.0687
-0.98516,-6.30935,3.17722,1.15874,-1.1519,-2.4145
-0.834867,-5.64455,3.54406,1.20894,-1.25147,-2.09121
-0.737122,-5.5227,3.2321,1.23902,-1.05253,-2.06708
-0.276059,-5.9889,2.717,1.43544,-0.734768,-2.32597
-0.177491,-6.257,2.02479,1.602,-0.463014,-2.46558
-0.426834,-6.62077,1.5578,1.75855,-0.46259,-2.6406
0.373258,-6.3569,0.675197,1.76264,0.0436735,-2.55457
0.659994,-5.87818,0.0900394,1.78418,0.364739,-2.35649
0.761848,-5.46634,0.140609,1.68343,0.369288,-2.20813
1.09164,-5.20398,0.490093,1.58955,0.321292,-2.10503
1.42329,-4.97642,0.55257,1.49798,0.376503,-2.01032
1.2425,-4.47538,0.82947,1.45061,0.257149,-1.77724
0.911772,-4.21607,1.26185,1.46458,0.0429184,-1.65203
0.568236,-4.02188,2.1113,1.54017,-0.371559,-1.5491
0.597508,-3.82974,2.40888,1.58449,-0.471367,-1.46676
0.38448,-3.76764,2.7985,1.64313,-0.674224,-1.43744
-0.1409,-3.60361,2.85786,1.77545,-0.791458,-1.3461
-0.342747,-3.44694,3.13931,1.83483,-0.964414,-1.26673
-0.589147,-3.33133,3.18811,1.80947,-1.06326,-1.21142
-1.18643,-3.06524,3.93004,1.78765,-1.58946,-1.08251
-1.39968,-2.96585,4.25704,1.80855,-1.77474,-1.01644
-1.62571,-2.68216,4.3757,1.80407,-1.87598,-0.870003
-1.59687,-2.67306,4.26171,1.81318,-1.85696,-0.875114
-2.11206,-2.64369,3.6877,1.79252,-1.73572,-0.86239
-2.58692,-2.54317,3.46358,1.74698,-1.72522,-0.811855
-2.52654,-2.68155,3.35299,1.76434,-1.64517,-0.876457
-1.96485,-2.75563,2.76863,1.76122,-1.25652,-0.928811
-1.41245,-3.03238,2.04725,1.80319,-0.831762,-1.06055
-1.64887,-2.84455,2.03075,1.80796,-1.02437,-0.981572
-1.49131,-2.65332,2.01834,1.80461,-1.08481,-0.903671
-0.85147,-2.73403,1.58046,1.74061,-0.736897,-0.959226
-0.662404,-2.62038,1.1257,1.67798,-0.498481,-0.920315
-0.387311,-2.70499,1.10232,1.65856,-0.422451,-0.970074
-0.213488,-2.60032,1.03213,1.64859,-0.316469,-0.919677
0.0767725,-2.46134,1.07414,1.66094,-0.206609,-0.856707
0.0794079,-2.44489,1.2519,1.66978,-0.243195,-0.845656
0.145887,-2.44382,1.33034,1.70285,-0.277744,-0.845095
0.0814396,-2.32014,1.5332,1.69234,-0.376362,-0.79063
0.090154,-2.28911,1.72792,1.72942,-0.450845,-0.771854
0.151236,-2.22654,1.99675,1.73446,-0.530584,-0.742674
0.14936,-2.152,2.0323,1.7456,-0.545467,-0.705118
0.0394966,-2.00274,2.07839,1.75953,-0.57368,-0.631887
0.113842,-1.97232,2.1931,1.76675,-0.599613,-0.620709
0.0877941,-1.87523,2.20813,1.75609,-0.611551,-0.577575
0.105408,-1.6901,2.40335,1.72207,-0.680207,-0.495163
0.0576887,-1.55801,2.57202,1.65518,-0.746967,-0.436408
0.119976,-1.40658,2.44981,1.62427,-0.674251,-0.374051
0.120588,-1.3069,2.49319,1.61871,-0.689504,-0.333865
0.102664,-1.24313,2.64772,1.60547,-0.756264,-0.309667
0.108569,-1.33726,2.55709,1.60578,-0.713315,-0.362628
0.0117649,-1.2937,2.64819,1.5997,-0.775029,-0.343621
-0.0669576,-1.3164,2.71202,1.57922,-0.82322,-0.354775
-0.011964,-1.31738,2.81445,1.56221,-0.853565,-0.358645
0.0628433,-1.33174,2.48474,1.56916,-0.69682,-0.368377
-0.00238549,-1.34041,2.57806,1.55188,-0.758747,-0.373292
-0.140417,-1.26201,2.59868,1.55638,-0.811219,-0.339658
-0.25741,-1.30774,2.73136,1.53136,-0.896596,-0.367603
-0.349254,-1.22873,2.77932,1.5243,-0.940253,-0.332642
-0.410293,-1.19602,3.06187,1.51027,-1.06506,-0.321043
-0.298016,-1.1472,3.27092,1.48277,-1.11276,-0.303286
-0.228892,-1.15742,3.32771,1.4926,-1.11635,-0.306158
-0.0937732,-1.15688,2.59471,1.47485,-0.772113,-0.309961
-0.136018,-1.20358,2.53157,1.48233,-0.755601,-0.329583
-0.194621,-1.21024,2.6722,1.44713,-0.812749,-0.339325
-0.0839226,-1.31527,2.94832,1.46189,-0.884709,-0.391578
-0.0367975,-1.27918,2.99467,1.44589,-0.867649,-0.373027
-0.0616079,-1.30495,2.78689,1.43068,-0.767569,-0.382703
-0.191439,-1.30645,2.67516,1.39772,-0.833305,-0.389859
-0.149408,-1.39653,2.82501,1.41909,-0.892471,-0.430361
-0.0969909,-1.35215,2.90867,1.40321,-0.902644,-0.415409
-0.154808,-1.41882,2.61549,1.39066,-0.783072,-0.441994
-0.44635,-1.48277,2.66555,1.38045,-0.888709,-0.469451
-0.69136,-1.46561,2.82708,1.38651,-1.02005,-0.454806
-0.697806,-1.37022,2.97916,1.35115,-1.07015,-0.407448
-0.63113,-1.3422,3.15215,1.3395,-1.10751,-0.391939
-0.518177,-1.38899,3.34859,1.32714,-1.15511,-0.413486
-0.488033,-1.41421,3.51829,1.32467,-1.20945,-0.424091
-0.373368,-1.46285,3.69823,1.31066,-1.23792,-0.446819
-0.277074,-1.37834,3.74599,1.30669,-1.22326,-0.404057
-0.412135,-1.40672,3.66298,1.30869,-1.21747,-0.408727
-0.529034,-1.33835,3.63367,1.26657,-1.23704,-0.378766
-0.525456,-1.34225,3.62294,1.23471,-1.21902,-0.37878
-0.461597,-1.34072,3.60407,1.21901,-1.1984,-0.376722
-0.0979255,-1.34944,3.78572,1.22235,-1.16933,-0.381277
-0.160046,-1.37089,3.06921,1.16695,-0.889629,-0.395874
-0.138403,-1.30458,2.93674,1.15867,-0.832193,-0.366184
-0.0450832,-1.33905,3.01543,1.15282,-0.825809,-0.384653
-0.0907528,-1.33242,3.13928,1.14773,-0.886765,-0.373688
-0.103101,-1.3159,3.29392,1.14167,-0.954146,-0.368803
-0.0598853,-1.33246,3.24575,1.13086,-0.917976,-0.378594
-0.136228,-1.33138,3.06811,1.13062,-0.860643,-0.378094
-0.19554,-1.25607,3.12218,1.10783,-0.898269,-0.35393
-0.34647,-1.24281,3.01472,1.10362,-0.8886,-0.346495
-0.455997,-1.27475,3.13363,1.12392,-0.970529,-0.351139
-0.441399,-1.30133,3.17256,1.1391,-0.98538,-0.358711
-0.402292,-1.2481,3.23545,1.13794,-0.997001,-0.337265
-0.293114,-1.25039,3.3652,1.12375,-1.01765,-0.345585
-0.208623,-1.25434,3.64523,1.13449,-1.09901,-0.339152
-0.215405,-1.3356,3.73033,1.11336,-1.13489,-0.376084
-0.217682,-1.31278,3.95027,1.12503,-1.2226,-0.365862
-0.108272,-1.34231,3.89988,1.11528,-1.16761,-0.382724
-0.171309,-1.32725,3.72224,1.11589,-1.11022,-0.370366
-0.219438,-1.3033,2.90738,1.11443,-0.7718,-0.356289
-0.280368,-1.23512,2.92613,1.10965,-0.794617,-0.327765
-0.195305,-1.28066,3.30721,1.14161,-0.921164,-0.34043
-0.00123835,-1.23443,3.39988,1.13949,-0.885645,-0.328767
0.0602594,-1.26896,3.70595,1.13376,-0.933824,-0.347443
0.421859,-1.26418,3.87977,1.16369,-0.93453,-0.349948
0.357931,-1.19905,3.68941,1.23125,-0.853445,-0.309565
0.835204,-1.27952,3.45026,1.23291,-0.63068,-0.362648
0.889747,-1.31949,3.56849,1.26361,-0.693171,-0.378448
0.913296,-1.45421,3.29053,1.28152,-0.617744,-0.454469
0.796665,-1.46426,2.86781,1.26956,-0.541433,-0.458029
-0.175422,-1.63401,4.19392,1.24512,-1.52503,-0.527245
-0.214627,-1.26931,2.21315,1.10292,-0.758187,-0.370424
1.72888,-1.20232,-1.92509,0.931189,1.40514,-0.380355
1.14212,-1.35886,0.0477149,0.958138,0.520481,-0.417861
0.732873,-1.18434,1.21851,1.01825,0.00974642,-0.246403
0.948104,-0.799612,1.57046,1.00481,-0.0193942,-0.0928046
1.31872,-1.28232,1.14488,0.930258,0.305592,-0.343654
1.05923,-2.58796,0.692061,0.899372,0.495644,-0.938671
0.894504,-3.46225,0.662306,0.778332,0.515144,-1.37356
0.725926,-4.01357,0.850032,0.706647,0.443238,-1.64222
0.341366,-4.82343,0.664702,0.62983,0.491221,-1.99927
-0.0361769,-5.22431,0.565645,0.610873,0.48874,-2.1558
-0.83942,-4.9404,0.372421,0.363858,0.452205,-1.96838
-1.20291,-3.9598,0.354555,0.0974836,0.456834,-1.46599
-1.58556,-3.60381,0.33464,0.0560711,0.429741,-1.2531
-1.67338,-3.18215,0.229041,-0.113812,0.526459,-1.05569
-1.4814,-2.8651,-0.204701,-0.335218,0.838751,-0.911025
-1.43796,-2.54913,-0.620898,-0.539028,1.09257,-0.773443
-1.61092,-2.46596,-0.527618,-0.733212,1.08841,-0.738235
-1.64103,-2.02628,-0.235089,-0.951581,1.02142,-0.534908
-1.39864,-1.55248,-0.236131,-1.10533,1.1302,-0.301626
-1.06724,-1.4939,-0.938707,-1.10639,1.56755,-0.20604
-1.42241,-1.39113,-1.10463,-1.03085,1.58466,-0.164888
-1.19813,-1.38355,-1.0611,-0.979435,1.65849,-0.136478
-0.922994,-1.31062,-1.22481,-1.04251,1.81458,-0.0674346
-0.83888,-1.27259,-1.4248,-1.05104,1.94589,-0.0177607
-0.788739,-1.45623,-1.6642,-0.985441,2.0061,-0.115749
-0.00160932,-1.32698,-2.24675,-1.08897,2.33492,-0.135847
0.193188,-1.36844,-2.92707,-1.20018,2.5789,-0.203313
0.806915,-1.30246,-3.25038,-1.27542,2.77506,-0.260654
1.90209,-1.5053,-4.59632,-1.31509,3.50367,-0.4213
2.44778,-1.64133,-5.02091,-1.31769,3.77979,-0.486742
3.0874,-2.13747,-5.58445,-1.24964,4.21208,-0.678678
3.52969,-2.14443,-5.16073,-1.13876,4.17969,-0.647808
3.44748,-2.10313,-5.03807,-1.05346,4.20586,-0.581857
3.19756,-1.89834,-3.98372,-0.953244,3.76613,-0.441864
3.5352,-1.93138,-5.24833,-0.891656,4.4063,-0.459838
3.10928,-1.89452,-4.01737,-0.776491,3.78006,-0.438227
3.07855,-1.88162,-4.03172,-0.718937,3.77506,-0.434453
2.7009,-2.10523,-2.5821,-0.585819,3.07764,-0.523334
2.55596,-2.02911,-2.84827,-0.587433,3.11885,-0.49215
1.89395,-1.93177,-1.80621,-0.615756,2.52841,-0.457309
1.60354,-1.86849,-1.10089,-0.644722,2.16103,-0.471874
0.935154,-2.03264,0.125485,-0.586503,1.43439,-0.535988
0.332532,-2.21495,1.15447,-0.543238,0.843993,-0.599009
0.273185,-2.22615,1.24208,-0.567023,0.80292,-0.601687
-0.681657,-2.04414,1.7075,-0.641412,0.353559,-0.489605
-1.05001,-2.05842,1.45938,-0.709133,0.364651,-0.472145
-1.42692,-2.05866,1.34463,-0.713769,0.309669,-0.452278
-1.80107,-1.97048,0.90621,-0.728164,0.419192,-0.398769
-2.29826,-1.95597,0.822891,-0.707963,0.374092,-0.378433
-2.94734,-1.92351,0.969972,-0.690787,0.185559,-0.360686
-3.6541,-1.96421,0.870585,-0.682166,0.0765755,-0.362491
-4.03268,-1.94158,0.595945,-0.709041,0.145625,-0.339399
-4.13488,-1.74943,0.313603,-0.940154,0.271624,-0.280739
-4.55259,-1.67311,0.473263,-0.974023,0.0895749,-0.232644
-5.03652,-1.5925,0.445815,-1.0132,-0.0447522,-0.170666
-5.91822,-1.52792,0.677331,-1.03898,-0.414334,-0.112666
-6.40449,-1.59028,0.778182,-1.03307,-0.621013,-0.120704
-6.78963,-1.60866,0.960278,-0.974599,-0.841937,-0.113905
-7.49792,-1.60765,1.24702,-0.917358,-1.19446,-0.117055
-7.79489,-1.49927,1.37977,-0.948743,-1.3401,-0.0708094
-8.37261,-1.07746,1.84284,-1.01681,-1.70796,0.141195
-9.2008,-0.571732,2.46492,-1.1458,-2.21518,0.389838
-10.173,-0.580315,3.00982,-1.19488,-2.70909,0.411879
-11.3566,-0.703978,2.8732,-1.26752,-2.97508,0.366459
-12.2461,-0.698892,2.65474,-1.3453,-3.14054,0.371149
-13.2414,-0.464371,1.35897,-1.50321,-2.77654,0.470391
-14.5356,-0.470423,0.952159,-1.53875,-2.78965,0.481472
-14.6991,-0.55369,0.261268,-1.52516,-2.36384,0.448128
-15.1586,-0.583254,-0.0605071,-1.54115,-2.25236,0.43713
-15.351,-0.663644,-0.525613,-1.54907,-2.04979,0.435442
-15.4302,-0.862351,-1.06989,-1.5591,-1.79971,0.3928
-15.6804,-0.859086,-1.09979,-1.56659,-1.80973,0.438543
-15.7584,-0.81397,-1.12322,-1.5509,-1.80913,0.477369
-15.9395,-0.756527,-0.836917,-1.52416,-1.9951,0.510147
-16.2687,-0.682172,-0.826429,-1.54242,-2.10771,0.531544
-16.4732,-0.781204,-0.485812,-1.48243,-2.33506,0.483063
-16.8821,-0.963512,-0.437207,-1.44528,-2.46891,0.403121
-17.2644,-1.00583,-0.0310056,-1.41416,-2.75397,0.398922
-17.1732,-0.862018,0.246093,-1.42519,-2.85172,0.463842
-17.0276,-0.912148,0.571378,-1.40423,-2.96702,0.446443
-16.9422,-1.00918,0.605288,-1.3663,-3.00026,0.436313
-16.8277,-1.04683,0.594262,-1.3464,-2.96882,0.430547
-16.9953,-1.04,0.375734,-1.34644,-2.90463,0.442217
-17.5223,-1.06448,0.439187,-1.34087,-3.04498,0.423285
-17.7138,-1.33041,0.406354,-1.27473,-3.06866,0.290542
-17.8829,-1.4157,0.489785,-1.2351,-3.14042,0.252231
-18.0606,-1.43197,0.288826,-1.23056,-3.08784,0.243082
-18.1539,-1.40973,0.118381,-1.22705,-3.01523,0.253534
-18.2884,-1.25706,0.0176652,-1.25065,-2.99661,0.329987
-18.2375,-1.19799,0.105484,-1.24727,-3.02534,0.357391
-17.9055,-1.26668,0.134952,-1.21736,-2.98198,0.310665
-17.3297,-1.20424,0.263919,-1.22677,-2.94969,0.339881
-16.7476,-1.21842,0.600421,-1.18634,-2.98718,0.34552
-15.9585,-1.17597,0.460076,-1.18705,-2.80741,0.366311
-16.1158,-1.20473,0.522903,-1.18637,-2.94638,0.332461
-16.3662,-1.14819,0.175583,-1.20294,-2.8128,0.361419
-16.5069,-1.32602,-0.0346522,-1.16115,-2.74368,0.269769
-16.221,-1.35611,-0.0956393,-1.15286,-2.67304,0.245373
-16.0449,-1.33157,-0.180327,-1.15936,-2.62782,0.254846
-15.4678,-1.27815,0.0951478,-1.15032,-2.6668,0.285995
-14.6913,-1.16606,0.327228,-1.16661,-2.64087,0.323048
-12.8179,-1.142,0.297439,-1.16477,-2.22949,0.272091
-9.69433,-1.57843,0.0767549,-1.0159,-1.52331,-0.0266967
-7.50501,-1.32873,-0.593668,-1.01012,-1.0573,0.00631307
-6.44981,-1.20117,-1.50658,-0.991826,-0.683564,0.0189709
-5.93681,-1.08425,-1.82541,-1.00102,-0.553173,0.0209811
-5.46187,-1.07704,-2.17129,-0.999491,-0.401966,-0.0428173
-4.524,-1.22158,-1.96711,-0.937064,-0.263203,-0.152536
-3.53452,-1.07783,-1.50394,-0.931494,-0.239393,-0.126483
-2.21189,-0.947005,-1.08115,-0.904872,-0.12821,-0.111389
-1.18305,-0.724455,-0.308823,-0.919492,-0.293688,-0.0653797
-0.556682,-0.5788,0.0159362,-0.936436,-0.42819,-0.0551635
-0.273275,-0.43557,-0.122641,-0.949919,-0.420023,-0.0302849
0.393981,-0.270033,-0.49928,-0.983472,-0.151875,0.00285898
0.60961,-0.288969,-0.82733,-0.976579,0.0185209,-0.0255438
1.09917,-0.112507,-2.08421,-1.04452,0.690516,0.0169384
1.95944,0.189221,-2.85505,-1.11092,1.31695,0.125708
2.62687,0.465906,-3.46735,-1.16212,1.87448,0.191765
2.80157,1.25616,-5.28821,-1.31875,2.97099,0.512528
3.69538,1.48881,-6.22295,-1.3196,3.80409,0.600559
5.99463,1.44142,-6.00575,-1.21626,4.38568,0.513306
8.09694,1.67464,-4.82947,-1.10765,4.43176,0.55537
9.36836,2.21842,-3.47203,-1.07033,4.17031,0.757446
9.84832,2.78282,-4.34965,-1.14493,4.68603,0.989231
9.78363,3.00691,-2.99154,-1.08334,4.08673,1.08724
11.4764,3.23288,-3.98458,-0.972818,5.05904,1.1242
12.5479,3.55364,-3.13865,-0.93556,5.07731,1.22411
12.425,3.61698,-2.49692,-0.898557,4.79407,1.23889
11.2986,3.2688,-1.41666,-0.736902,4.03481,1.10701
10.7684,2.63041,-1.23518,-0.618537,3.84085,0.813522
9.44248,2.43782,-0.170774,-0.57937,3.04512,0.747506
7.02347,2.41426,0.803887,-0.650438,1.9842,0.786495
3.48443,2.07481,1.48394,-0.601646,0.697312,0.732681
1.24028,1.33884,1.56101,-0.468036,0.0234586,0.483058
-0.313249,1.06213,2.31692,-0.41501,-0.683793,0.436044
-1.8344,0.897395,2.74096,-0.405521,-1.31332,0.464097
-1.27698,0.862321,1.95746,-0.447451,-0.797751,0.435721
-0.866506,0.787332,1.78707,-0.439706,-0.646489,0.382262
-0.355436,0.703123,1.38838,-0.426711,-0.400921,0.333285
-0.303068,0.741346,1.01302,-0.446156,-0.325656,0.350382
-0.531199,0.745301,1.16002,-0.455085,-0.525207,0.356714
-0.518342,0.698513,1.16519,-0.43747,-0.542092,0.333918
-0.628373,0.7004,1.09631,-0.43517,-0.549563,0.338693
-0.718772,0.723607,1.15052,-0.432751,-0.573354,0.352876
-0.755437,0.688183,1.26555,-0.406721,-0.564218,0.337064
-0.823007,0.698959,1.41564,-0.396747,-0.608718,0.346726
-0.782914,0.728812,1.45301,-0.404623,-0.595835,0.352684
-0.95778,0.709764,1.54572,-0.389036,-0.695407,0.352608
-0.810538,0.725975,1.44667,-0.39679,-0.596295,0.356961
-0.884235,0.64931,1.49769,-0.372571,-0.647856,0.327928
-0.914076,0.735584,1.5066,-0.399755,-0.661431,0.364932
-0.861191,0.700438,1.44915,-0.393009,-0.622324,0.346622
-0.95813,0.723302,1.49871,-0.396979,-0.677353,0.361759
-0.856807,0.694409,1.3902,-0.392626,-0.603059,0.346875
-0.919118,0.68956,1.52617,-0.385877,-0.673401,0.343781
-0.880325,0.761389,1.4715,-0.41076,-0.638964,0.373671
-0.936882,0.714911,1.51822,-0.395316,-0.678526,0.355302
-0.939969,0.660237,1.49557,-0.375722,-0.678636,0.333552
-0.93396,0.709251,1.46408,-0.386893,-0.665682,0.355592
-0.910651,0.679321,1.42317,-0.385036,-0.646623,0.339465
-0.940048,0.745035,1.45621,-0.402844,-0.674347,0.36946
-0.924177,0.651674,1.47278,-0.372779,-0.666306,0.328518
-0.950843,0.7367,1.50298,-0.398942,-0.696577,0.365465
-0.942122,0.693533,1.46598,-0.382039,-0.673028,0.347649
-0.953901,0.668085,1.45589,-0.374742,-0.678096,0.338443
-0.974274,0.707385,1.4853,-0.386702,-0.700507,0.355385
-0.969281,0.731806,1.40971,-0.398311,-0.673883,0.364856
-0.956753,0.69735,1.46313,-0.38644,-0.68384,0.349501
-0.967271,0.722635,1.48624,-0.393952,-0.69623,0.362607
-0.932576,0.660606,1.48828,-0.368176,-0.681196,0.337213
-0.991209,0.705248,1.43767,-0.381379,-0.68237,0.359464
-0.949321,0.698778,1.48856,-0.386356,-0.684541,0.352275
-0.994171,0.663709,1.49294,-0.371734,-0.709818,0.341618
-0.963336,0.680312,1.48137,-0.375111,-0.694532,0.347602
-1.01504,0.680539,1.50004,-0.375035,-0.71986,0.345357
-0.95361,0.686686,1.44115,-0.381348,-0.672811,0.347267
-0.940274,0.708013,1.47042,-0.39019,-0.673089,0.35431
-0.993954,0.665324,1.46101,-0.378008,-0.692024,0.337477
-0.981101,0.70185,1.48356,-0.388821,-0.6991,0.351231
-0.90927,0.673151,1.40327,-0.37997,-0.646391,0.33587
-0.958044,0.71811,1.48002,-0.396018,-0.691472,0.357423
-0.963601,0.676277,1.40634,-0.385529,-0.662261,0.342152
-0.981174,0.672951,1.45358,-0.384363,-0.688761,0.339069
-0.962433,0.748181,1.49367,-0.404645,-0.698613,0.372714
-1.0487,0.687361,1.51797,-0.384969,-0.747064,0.34823
-1.01463,0.67186,1.42351,-0.381041,-0.697365,0.341461
-0.990125,0.688087,1.46183,-0.389282,-0.701221,0.348197
-0.956903,0.683818,1.44179,-0.390226,-0.677341,0.34398
-0.951112,0.682499,1.41923,-0.385617,-0.66651,0.344889
-0.99901,0.710905,1.46718,-0.390406,-0.703843,0.356979
-1.01442,0.678347,1.47266,-0.377532,-0.711616,0.346497
-0.965581,0.668037,1.48821,-0.379151,-0.697392,0.336632
-0.954217,0.676438,1.43776,-0.379847,-0.673807,0.34355
-1.02995,0.698778,1.48718,-0.392729,-0.718722,0.352053
-0.968308,0.661122,1.42549,-0.369444,-0.67746,0.342632
-1.05798,0.686336,1.46691,-0.383627,-0.734396,0.349821
-0.979522,0.692466,1.42646,-0.390798,-0.689896,0.346366
-0.999133,0.724251,1.47767,-0.400402,-0.718355,0.361733
-1.00509,0.683004,1.47426,-0.380158,-0.718626,0.348586
-0.990769,0.671618,1.35787,-0.38112,-0.664918,0.340881
-0.991385,0.671732,1.38382,-0.387412,-0.672391,0.338954
-0.997473,0.705127,1.41062,-0.389057,-0.68109,0.357114
-1.01022,0.663657,1.46022,-0.374726,-0.706702,0.341074
-0.997566,0.701599,1.45229,-0.387123,-0.696858,0.357808
-1.01235,0.689015,1.47657,-0.377225,-0.71226,0.349968
-0.95113,0.675644,1.43178,-0.378458,-0.668811,0.340376
-0.975862,0.65876,1.44806,-0.381573,-0.691843,0.32881
-0.959317,0.68236,1.41002,-0.387965,-0.666405,0.340201
-1.00062,0.664206,1.47221,-0.382925,-0.706007,0.330651
-1.00904,0.6981,1.43049,-0.390651,-0.695268,0.351206
-1.00503,0.680768,1.40372,-0.389025,-0.685447,0.341354
-0.944412,0.706511,1.42499,-0.394596,-0.668592,0.354527
-0.985036,0.697578,1.38501,-0.394903,-0.672635,0.351713
-0.994349,0.680245,1.41905,-0.380385,-0.68852,0.345415
-1.00674,0.679448,1.35548,-0.387743,-0.672799,0.340518
-0.0616879,1.56978,1.53123,-0.648652,-0.465467,0.607173
1.08969,2.05632,1.61598,-0.692438,-0.237953,0.706912
-1.0266,1.31274,0.460614,-0.545998,-0.381675,0.587674
-2.88375,0.764048,-1.28004,-0.491778,0.133426,0.418543
-5.07844,1.02665,-2.6203,-0.569838,0.305362,0.601302
-9.03346,2.68628,-4.13854,-1.06221,0.0388358,1.46262
-9.92491,3.52471,-5.97285,-1.44186,0.585474,1.78964
-11.5034,4.32062,-5.33532,-1.62705,-0.0582277,2.19805
-15.1169,4.12874,-4.64421,-1.54152,-1.43404,2.21406
-19.1443,3.80041,-4.47803,-1.47786,-2.85299,2.13466
-21.0968,3.99766,-2.8658,-1.56012,-4.27085,2.21963
-22.2637,4.11659,-0.640487,-1.51225,-5.69855,2.31626
-23.5619,4.29074,-1.27577,-1.60971,-5.93084,2.44334
-27.4325,4.96344,1.38711,-1.80882,-8.29227,2.85751
-29.1086,5.37204,1.26999,-1.97144,-8.7653,3.09776
-32.141,6.10726,2.93324,-2.24542,-10.351,3.52776
-35.7657,6.19238,2.37149,-2.32933,-11.2647,3.66255
-37.4147,6.59969,2.2314,-2.47783,-11.7279,3.85677
-35.3794,6.64985,2.45127,-2.47264,-11.1569,3.77628
-30.8677,5.74582,1.828,-2.18483,-9.54005,3.23339
-22.2318,4.38479,0.0734328,-1.82294,-6.05853,2.42937
-16.3297,3.56699,-1.25518,-1.58488,-3.93713,1.9782
-11.2666,3.03621,-1.75328,-1.30711,-2.33999,1.68075
-6.72938,2.43314,-3.57983,-0.968581,-0.503113,1.34367
-4.39708,2.5063,-2.12696,-0.804027,-0.598307,1.31276
-1.16226,2.67788,-4.79831,-0.755263,1.28017,1.39026
2.86597,2.59774,-5.97913,-0.643726,2.78156,1.33699
7.3648,2.56501,-5.31995,-0.54526,3.70762,1.30257
11.2519,2.59204,-3.94726,-0.496977,4.29481,1.26836
14.416,2.49894,-2.38379,-0.423401,4.67264,1.20949
16.0232,2.49727,-2.7467,-0.421478,5.29492,1.19405
20.9757,2.67976,-0.0111012,-0.423965,5.81815,1.21034
24.8618,2.61788,2.5496,-0.361178,5.87555,1.16134
26.2172,2.3751,2.51366,-0.25048,5.82185,0.99969
29.4541,1.81566,2.44566,-0.0553223,6.67916,0.621064
29.2076,1.62134,3.41201,0.00483715,6.03081,0.507707
29.326,1.24221,2.96037,0.0801353,6.1791,0.324159
27.49,1.45331,1.81753,-0.0445323,6.04996,0.441939
24.3305,1.58292,1.1338,-0.102978,5.41432,0.550489
19.9265,1.58857,-0.40187,-0.1948,4.85434,0.605243
15.181,1.54126,-0.960631,-0.203332,3.95658,0.659639
11.6376,1.33206,-1.25917,-0.227671,3.47718,0.568251
8.48299,0.92525,-1.14168,-0.277728,2.85007,0.434541
6.33545,0.396061,-0.793589,-0.295213,2.38698,0.235405
2.88781,0.297341,0.847918,-0.350937,0.757888,0.245571
1.69681,0.173945,0.347709,-0.375076,0.665462,0.180329
-1.47131,0.0997254,0.222558,-0.428763,-0.312553,0.169814
-4.45028,0.274771,-0.617036,-0.522408,-0.703303,0.238575
-11.1045,0.126941,-1.73122,-0.524913,-2.52913,0.351478
-14.3242,0.225506,-1.91568,-0.633128,-3.39489,0.503501
-18.5676,0.689955,-0.986289,-0.768493,-5.17919,0.824614
-21.7504,1.23342,-1.45174,-0.919301,-6.00707,1.07745
-24.6527,1.59616,-2.23023,-1.05708,-6.72933,1.2909
-27.121,1.89096,-3.56853,-1.21805,-7.08687,1.51195
-27.5055,2.16826,-1.96862,-1.24701,-7.85988,1.65764
-29.8961,2.74081,-1.98026,-1.48464,-8.85455,1.98246
-28.3061,2.68414,-1.09591,-1.41233,-8.72738,1.90254
-25.8155,3.08041,-0.146911,-1.51539,-8.37696,1.97604
-21.9306,3.09906,0.98357,-1.44053,-7.57993,1.84227
-18.1605,2.62288,1.20304,-1.18696,-6.57751,1.54307
-14.1594,1.8607,1.51787,-0.855839,-5.52191,1.13115
-11.2249,1.17878,0.567866,-0.558001,-4.49895,0.78424
-7.72764,1.05162,0.453592,-0.396413,-3.5246,0.652058
-6.51285,0.70103,-0.358559,-0.242452,-2.96483,0.479346
-4.84121,0.708637,0.803947,-0.0674968,-3.168,0.479244
-4.68885,0.434502,-0.964432,0.0586421,-2.45775,0.377265
-4.31854,0.427857,-0.348354,0.136249,-2.57518,0.371942
-4.5561,0.454345,-0.894938,0.124595,-2.38952,0.396249
-4.37214,0.46101,-0.402782,0.138863,-2.35607,0.393538
-4.29901,0.480025,0.00139966,0.130177,-2.32336,0.405895
-4.26086,0.473647,0.445016,0.106071,-2.38742,0.400259
-3.97744,0.423421,0.430816,0.0890878,-2.28085,0.368216
-3.97942,0.454611,0.288575,0.0603882,-2.27448,0.381599
-3.75925,0.434638,0.0427309,0.0511038,-2.14146,0.365362
-3.87272,0.421522,0.0794457,0.0625163,-2.23212,0.3617
-3.86931,0.428111,0.00207959,0.0575748,-2.20736,0.365412
-3.80693,0.387727,-0.0166319,0.0695427,-2.18267,0.342571
-3.85964,0.433089,-0.0205846,0.0490015,-2.21029,0.366151
-3.84817,0.379876,-0.066726,0.0754409,-2.18909,0.344558
-3.82304,0.464945,-0.105676,0.0364957,-2.16235,0.379586
-3.7881,0.412376,-0.0534018,0.0603823,-2.16773,0.353261
-3.83565,0.444073,-0.0699072,0.0450976,-2.18735,0.37202
-3.79953,0.439429,-0.0537856,0.0492688,-2.17681,0.366939
-3.77921,0.41837,-0.0737273,0.0561996,-2.15642,0.361956
-3.77363,0.431323,-0.0780871,0.054034,-2.15322,0.365745
-3.84009,0.436394,-0.061336,0.051092,-2.19482,0.369182
-3.8098,0.446255,-0.0642202,0.0457846,-2.18002,0.372037
-3.75608,0.439131,-0.130855,0.046383,-2.1265,0.365158
-3.78152,0.451697,-0.0747662,0.0419716,-2.1596,0.371615
-3.80236,0.453003,-0.111535,0.0380414,-2.15528,0.375597
-3.77518,0.424938,-0.157676,0.052541,-2.12021,0.359514
-3.83074,0.471065,-0.0866447,0.0378667,-2.17872,0.379619
-3.78254,0.45162,-0.125633,0.0381654,-2.14173,0.368484
-3.82997,0.429213,-0.109216,0.0494488,-2.17259,0.361995
-3.79135,0.482568,-0.0582079,0.0264416,-2.17462,0.380518
-3.79682,0.436008,-0.0927285,0.0505531,-2.16247,0.361484
-3.82436,0.446186,-0.0661769,0.0446495,-2.18793,0.366876
-3.8064,0.448368,-0.11083,0.0424134,-2.16037,0.369112
-3.75841,0.404051,-0.11874,0.0618001,-2.13519,0.349504
-3.84817,0.512597,-0.102154,0.0186986,-2.1833,0.401817
-3.76778,0.423528,-0.0717028,0.055596,-2.15734,0.357865
-3.80632,0.469419,-0.0568713,0.0366003,-2.18015,0.378301
-3.77796,0.375944,-0.11657,0.0731766,-2.14392,0.336531
-3.79916,0.411079,-0.0981617,0.0593612,-2.16324,0.349643
-3.77953,0.430467,-0.113306,0.0468325,-2.14382,0.358372
-3.81988,0.415152,-0.0603158,0.0617594,-2.18495,0.35641
-3.7767,0.416223,-0.130385,0.0586795,-2.13791,0.354743
-3.76206,0.42027,-0.169804,0.0554859,-2.11604,0.355933
-3.84429,0.44196,-0.0590761,0.0464509,-2.20011,0.367058
-3.79248,0.469117,-0.104657,0.0297063,-2.1565,0.375258
-3.77605,0.42489,-0.0732675,0.0529266,-2.15895,0.357843
-3.78226,0.465334,-0.0935634,0.0347277,-2.15375,0.376674
-3.78228,0.452278,-0.0948793,0.0396201,-2.15753,0.370808
-3.77038,0.450616,-0.079069,0.0410643,-2.1586,0.369283
-3.75774,0.428202,-0.124314,0.0496124,-2.13522,0.356517
-3.75964,0.433246,-0.114306,0.0450493,-2.14003,0.36285
-3.79403,0.46586,-0.0680376,0.0341782,-2.17209,0.37661
-3.76315,0.39553,-0.124453,0.0661551,-2.133,0.34937
-3.7638,0.411302,-0.0865866,0.0610171,-2.15015,0.36019
-3.77332,0.437201,-0.0960995,0.0448187,-2.15183,0.366159
-3.76708,0.44768,-0.148727,0.039127,-2.13088,0.368447
-3.78154,0.406151,-0.136324,0.0629738,-2.14279,0.352162
-3.77095,0.405366,-0.113157,0.0631385,-2.14462,0.352467
-3.76968,0.428566,-0.112534,0.049411,-2.14335,0.361275
-3.77235,0.463054,-0.120395,0.0302625,-2.14134,0.372912
-3.73256,0.432766,-0.135105,0.0459176,-2.11595,0.356913
-3.80907,0.440306,-0.124546,0.039593,-2.15919,0.361024
-3.76164,0.399381,-0.155692,0.0556947,-2.12309,0.341203
-3.84411,0.435141,-0.127502,0.0431912,-2.17445,0.360708
-3.80918,0.457994,-0.120531,0.0390279,-2.1593,0.370361
-3.84309,0.481824,-0.0751738,0.029809,-2.1966,0.385479
-3.81399,0.432918,-0.0860689,0.0484871,-2.17476,0.361905
-3.82723,0.46941,-0.123041,0.0298307,-2.16439,0.380887
-3.79917,0.431447,-0.0698019,0.0515384,-2.17472,0.3622
-3.82488,0.415701,-0.0979985,0.0547931,-2.17601,0.356065
-3.75384,0.424835,-0.143096,0.0509292,-2.12402,0.359111
-3.77794,0.400651,-0.135007,0.0614878,-2.14015,0.346091
-3.78392,0.42974,-0.101888,0.0481901,-2.15492,0.359274
-3.81121,0.39875,-0.084961,0.0647935,-2.17568,0.346421
-3.80855,0.435658,-0.0648544,0.047087,-2.18416,0.362389
-3.74391,0.387787,-0.147424,0.0610568,-2.11707,0.339716
-3.83763,0.406775,-0.0951894,0.0542978,-2.18387,0.348222
-3.81738,0.443674,-0.081796,0.0412706,-2.1791,0.367458
-3.81779,0.431186,-0.0926409,0.0510339,-2.17467,0.36338
-3.79997,0.432157,-0.134375,0.051957,-2.14839,0.361458
-3.81113,0.434767,-0.0901886,0.049336,-2.17332,0.358552
-3.79438,0.442301,-0.064003,0.0456029,-2.17551,0.364673
-3.77614,0.441295,-0.129842,0.0428011,-2.13942,0.364382
-3.76943,0.418078,-0.127283,0.0524404,-2.13966,0.354648
-3.81183,0.420661,-0.104614,0.0530476,-2.16956,0.35493
-3.83026,0.465578,-0.0777437,0.0327376,-2.1887,0.374357
-3.84418,0.401515,-0.0540833,0.0648174,-2.2069,0.34937
-3.75494,0.426413,-0.136012,0.0469507,-2.12905,0.356781
-3.78309,0.442057,-0.150621,0.039426,-2.13451,0.367058
-3.80593,0.461928,-0.075523,0.0374669,-2.17502,0.377731
-3.8468,0.411637,-0.0586393,0.0578872,-2.20355,0.355944
-3.81588,0.456979,-0.162378,0.0348785,-2.14545,0.375506
-3.80011,0.42853,-0.0816329,0.0459036,-2.17054,0.359772
-3.84513,0.423065,-0.0719416,0.0507295,-2.19681,0.359656
-3.83698,0.465327,-0.0782967,0.0323019,-2.1909,0.380482
-3.83183,0.442363,-0.0665212,0.0411489,-2.19463,0.364469
-3.76231,0.419869,-0.143901,0.0494826,-2.12925,0.350572
-3.79673,0.427138,-0.140779,0.0450085,-2.14681,0.358132
-3.78358,0.446178,-0.134371,0.0354557,-2.1447,0.365966
-3.81529,0.447153,-0.0804603,0.0383577,-2.18051,0.366151
-3.80637,0.399888,-0.0738412,0.0628398,-2.17727,0.344662
-3.78295,0.416966,-0.0843527,0.0502973,-2.15946,0.350489
-3.83004,0.405176,-0.111633,0.0541527,-2.1713,0.346979
-3.79032,0.476772,-0.110959,0.0223694,-2.15405,0.37982
-3.78472,0.399973,-0.157842,0.0559422,-2.13282,0.344092
-3.80664,0.419372,-0.104909,0.0466953,-2.16521,0.350912
-3.83503,0.426495,-0.111517,0.0459049,-2.175,0.356832
-3.77201,0.464344,-0.0698552,0.0344675,-2.16132,0.371063
-3.77034,0.478333,-0.107927,0.0281286,-2.14579,0.37869
-3.79173,0.418163,-0.112405,0.0526438,-2.15521,0.353673
-3.79915,0.439641,-0.142605,0.0388944,-2.14525,0.364239
-3.78225,0.418939,-0.134941,0.0470938,-2.13949,0.352719
-3.81609,0.399316,-0.0670728,0.0582853,-2.18548,0.347096
-3.76006,0.439088,-0.127975,0.0356853,-2.13481,0.358309
-3.80909,0.45274,-0.119853,0.0345738,-2.16086,0.367523
-3.81149,0.422284,-0.0821293,0.0527588,-2.17521,0.355456
-3.79739,0.45093,-0.138247,0.0361694,-2.14634,0.366643
-3.76638,0.433899,-0.173049,0.0363424,-2.1179,0.359606
-3.76829,0.441989,-0.180563,0.0315739,-2.1162,0.362344
-3.78345,0.440678,-0.132473,0.0363051,-2.14257,0.360607
-3.77356,0.418403,-0.124188,0.0535466,-2.14189,0.354915
-3.81372,0.436934,-0.105726,0.0432426,-2.16645,0.362449
-3.79783,0.472874,-0.0780478,0.0302437,-2.17052,0.377937
-3.75344,0.431598,-0.135098,0.0435458,-2.12654,0.35761
-3.77608,0.458032,-0.0972103,0.0320259,-2.15375,0.36913
-3.80369,0.424459,-0.120092,0.0481586,-2.15641,0.358766
-3.77989,0.405547,-0.141684,0.064488,-2.13663,0.352288
-3.79416,0.452859,-0.123316,0.0397188,-2.15035,0.371967
-3.77174,0.41359,-0.152574,0.0544907,-2.12769,0.355173
-3.78932,0.445272,-0.113725,0.0402718,-2.15163,0.370285
-3.79296,0.435047,-0.14676,0.0413853,-2.14291,0.361009
-3.82387,0.405491,-0.082476,0.0572259,-2.1839,0.349305
-3.78196,0.463505,-0.151156,0.0280755,-2.13371,0.369125
-3.80672,0.503536,-0.143426,0.0063853,-2.1509,0.387309
-3.77229,0.459728,-0.111404,0.0274883,-2.14816,0.368482
-3.77885,0.412631,-0.144328,0.0481328,-2.13499,0.35107
-3.77095,0.447479,-0.13214,0.034579,-2.13413,0.365108
-3.8227,0.462182,-0.0833829,0.0291226,-2.17902,0.372363
-3.76474,0.489775,-0.0918299,0.0147838,-2.14772,0.379668
-3.80673,0.456714,-0.0872999,0.0343309,-2.17206,0.370012
-3.77312,0.412726,-0.100111,0.0552489,-2.15135,0.350437
-3.8205,0.463788,-0.133159,0.0302432,-2.16181,0.376731
-3.78347,0.431309,-0.136259,0.0444101,-2.14338,0.359969
-3.82295,0.443258,-0.0962992,0.041714,-2.1789,0.366753
-3.78907,0.467974,-0.10246,0.032006,-2.15881,0.375468
-3.80114,0.470851,-0.154913,0.0261849,-2.143,0.373231
-3.8385,0.460394,-0.116284,0.0346107,-2.17702,0.367337
-3.80238,0.460643,-0.127907,0.0341845,-2.15426,0.3712
-3.8096,0.43527,-0.131966,0.0450889,-2.15597,0.363001
-3.81896,0.490923,-0.104656,0.0203734,-2.17165,0.388762
-3.80011,0.450814,-0.101462,0.0405535,-2.16227,0.369356
-3.76719,0.361548,-0.161074,0.0778223,-2.12231,0.330627
-3.74228,0.484212,-0.136148,0.0218795,-2.11986,0.384812
-3.82292,0.41123,-0.0993929,0.057989,-2.17557,0.354308
-3.81479,0.392741,-0.155023,0.0580993,-2.15438,0.343812
-3.74733,0.392534,-0.170083,0.060286,-2.11343,0.34268
-3.83594,0.416084,-0.0792608,0.0535526,-2.19259,0.35333
-3.78821,0.432316,-0.164777,0.043004,-2.1331,0.361067
-3.86481,0.416669,-0.0886019,0.0555617,-2.20013,0.356933
-3.74169,0.488762,-0.178397,0.0149145,-2.10713,0.384369
-3.86549,0.36388,-0.0822959,0.0781649,-2.2087,0.330995
-3.79166,0.464662,-0.0765614,0.0355987,-2.17259,0.373369
-3.84335,0.338959,-0.0915831,0.0837511,-2.18633,0.318351
-3.78667,0.414385,-0.071255,0.0559436,-2.16808,0.355242
-3.89025,0.420793,-0.0842862,0.0539458,-2.21441,0.362438
-3.77877,0.440882,-0.105562,0.0421369,-2.15419,0.368343
-3.81932,0.407808,-0.0848582,0.0562875,-2.18092,0.352662
-3.82198,0.443904,-0.118256,0.0403372,-2.16907,0.370064
-3.76031,0.516998,-0.136499,0.00777599,-2.13397,0.40133
-3.82995,0.384949,-0.0747458,0.0695115,-2.19223,0.344159
-3.77391,0.457977,-0.158195,0.0314985,-2.12992,0.373
-3.83419,0.42873,-0.111777,0.0425751,-2.17766,0.359842
-3.84202,0.419986,-0.111003,0.0451295,-2.18308,0.352935
-3.85494,0.447164,-0.108504,0.0343982,-2.18908,0.366984
-3.81029,0.464087,-0.164828,0.0248113,-2.14516,0.371154
-3.83165,0.449848,-0.108457,0.0363535,-2.17972,0.367715
-3.804,0.435462,-0.110724,0.0445249,-2.16293,0.360476
-3.80757,0.47351,-0.0850388,0.0206209,-2.17214,0.377218
-3.84542,0.433941,-0.058632,0.0442785,-2.2041,0.362978
-3.76365,0.434614,-0.135494,0.041204,-2.13565,0.360642
-3.76098,0.460652,-0.112629,0.0331154,-2.14341,0.371405
-3.7503,0.412794,-0.109091,0.0521052,-2.13938,0.350998
-3.83913,0.449661,-0.0714233,0.0398721,-2.19759,0.371589
-3.7777,0.425569,-0.158604,0.0464111,-2.13049,0.354528
-3.79925,0.444264,-0.114932,0.039332,-2.15769,0.362099
-3.79424,0.407919,-0.123707,0.0486874,-2.15126,0.346452
-3.74328,0.387606,-0.148922,0.060614,-2.1156,0.33793
-3.81374,0.46,-0.0764406,0.0318051,-2.18089,0.370158
-3.80893,0.437382,-0.148036,0.0369361,-2.15099,0.361132
-3.81589,0.409928,-0.0912477,0.0546313,-2.17552,0.352013
-3.8104,0.415492,-0.119077,0.0490032,-2.16321,0.349872
-3.8494,0.448845,-0.0914647,0.0349908,-2.19525,0.367442
-3.81532,0.447494,-0.117695,0.0321215,-2.1651,0.363598
-3.81226,0.408559,-0.133384,0.0542353,-2.15744,0.347786
-3.76012,0.399591,-0.130937,0.0561738,-2.13292,0.343952
-3.85334,0.432888,-0.074027,0.0440544,-2.20031,0.36446
-3.8349,0.426561,-0.082462,0.0477562,-2.18615,0.358776
-3.79448,0.450485,-0.125657,0.0349247,-2.15197,0.366369
-3.82685,0.405685,-0.120041,0.0511652,-2.16945,0.349557
-3.80887,0.409962,-0.102113,0.0549915,-2.17074,0.350419
-3.82292,0.47624,-0.118896,0.0273948,-2.16945,0.378465
-3.81843,0.465892,-0.125208,0.0310742,-2.1651,0.379064
-3.81399,0.427006,-0.116287,0.0444316,-2.16727,0.360536
-3.86795,0.402644,-0.0356629,0.0564743,-2.22534,0.35033
-3.81351,0.433381,-0.141709,0.04297,-2.15724,0.361604
-3.83131,0.407023,-0.0670668,0.056304,-2.19497,0.350701
-3.82751,0.484637,-0.0884726,0.0216647,-2.18576,0.385297
-3.80236,0.405856,-0.0859099,0.0529573,-2.17418,0.344663
-3.81239,0.462718,-0.145835,0.0260916,-2.15355,0.37354
-3.81899,0.439945,-0.147845,0.0354761,-2.15701,0.36145
-3.82226,0.39306,-0.0720422,0.0535912,-2.18858,0.336285
-3.79544,0.460522,-0.108685,0.0251364,-2.15962,0.367534
-3.78686,0.424655,-0.142119,0.0365267,-2.14416,0.348914
-3.82451,0.372452,-0.108137,0.0667798,-2.17583,0.329762
-3.82992,0.441826,-0.101188,0.0337617,-2.17689,0.362979
-3.8167,0.458214,-0.10043,0.0302348,-2.17222,0.368728
-3.82949,0.438239,-0.0918964,0.0409625,-2.1816,0.360812
-3.81718,0.409084,-0.133637,0.050476,-2.15948,0.349403
-3.81212,0.41338,-0.0852946,0.0486896,-2.17852,0.351945
-3.82663,0.45838,-0.0575326,0.0316849,-2.19656,0.371235
-3.81115,0.429517,-0.124664,0.041341,-2.16423,0.357414
-3.84089,0.43965,-0.148477,0.0355157,-2.16831,0.362304
-3.81049,0.436621,-0.143551,0.0365115,-2.15425,0.358868
-3.79703,0.420173,-0.119565,0.0450704,-2.15998,0.35258
-3.80833,0.422678,-0.170295,0.0444542,-2.14397,0.351938
-3.82192,0.424384,-0.065799,0.047547,-2.19182,0.356001
-3.7832,0.404336,-0.15694,0.053295,-2.13452,0.346995
-3.82387,0.474126,-0.0930142,0.0242843,-2.17898,0.37933
-3.8159,0.406834,-0.143152,0.0488506,-2.15602,0.345659
-3.82481,0.430223,-0.131532,0.038688,-2.16746,0.357883
-3.79205,0.419535,-0.116043,0.0408793,-2.15849,0.351847
-3.79865,0.435354,-0.118624,0.0340128,-2.15799,0.357934
-3.79031,0.483044,-0.12954,0.0181417,-2.15012,0.379017
-3.84914,0.419073,-0.0908981,0.0463843,-2.19417,0.351782
-3.82493,0.427895,-0.165353,0.0412613,-2.1521,0.354698
-3.81916,0.438528,-0.130977,0.0400372,-2.1604,0.362372
-3.82006,0.421905,-0.124672,0.0467382,-2.16512,0.355998
-3.83007,0.44371,-0.110163,0.0338914,-2.17729,0.362993
-3.81587,0.420593,-0.117884,0.0442906,-2.16552,0.354746
-3.87999,0.431659,-0.0980763,0.0448289,-2.2051,0.360314
-3.84987,0.444146,-0.0814464,0.0362793,-2.19648,0.36474
-3.84931,0.415302,-0.0993262,0.0502451,-2.19047,0.355553
-3.81713,0.414819,-0.117198,0.0532124,-2.16709,0.356704
-3.78096,0.427173,-0.148111,0.0488762,-2.13589,0.358206
-3.82838,0.417782,-0.0946937,0.0505706,-2.18147,0.354832
-3.81824,0.445451,-0.120681,0.0304902,-2.16387,0.366494
-3.88231,0.490467,-0.0858659,0.0119785,-2.21008,0.386364
-3.8227,0.446033,-0.125065,0.0330881,-2.16747,0.366577
-3.81348,0.414283,-0.106891,0.0499104,-2.16909,0.351804
-3.83561,0.429115,-0.121708,0.0426635,-2.172,0.358335
-3.8468,0.445785,-0.136194,0.0338791,-2.1743,0.36509
-3.80064,0.41004,-0.128168,0.0502914,-2.1557,0.348314
-3.84946,0.493163,-0.0974301,0.0145508,-2.19247,0.385079
-3.83776,0.455268,-0.119279,0.0280391,-2.17918,0.369455
-3.84333,0.380779,-0.150509,0.0599286,-2.16994,0.34146
-3.79718,0.461161,-0.145221,0.0233454,-2.14764,0.370169
-3.81928,0.385442,-0.114992,0.0597241,-2.16744,0.344103
-3.83216,0.401547,-0.104247,0.0533455,-2.18061,0.351873
-3.82776,0.408442,-0.17721,0.0500127,-2.14743,0.355255
-3.81158,0.414752,-0.122617,0.0484975,-2.16405,0.354559
-3.89238,0.409349,-0.0930206,0.0555507,-2.21334,0.354286
-3.81311,0.412173,-0.152678,0.0455219,-2.15115,0.351574
-3.84548,0.460901,-0.0929596,0.0297838,-2.19344,0.375891
-3.8168,0.355171,-0.0752389,0.0740753,-2.18971,0.326949
-3.81628,0.433213,-0.151212,0.0364495,-2.15733,0.362616
-3.83286,0.427938,-0.115551,0.0396522,-2.17963,0.360971
-3.84536,0.414905,-0.106114,0.0494792,-2.18661,0.354295
-3.82178,0.426583,-0.147676,0.0423176,-2.15664,0.360476
-3.8472,0.417091,-0.108968,0.0515438,-2.18269,0.357802
-3.84743,0.372982,-0.120572,0.0705866,-2.18331,0.339221
-3.76936,0.402084,-0.196212,0.0491521,-2.11321,0.346627
-3.84308,0.41815,-0.112117,0.0411928,-2.18304,0.353888
-3.83441,0.403972,-0.0924458,0.0530526,-2.18604,0.347573
-3.85406,0.412887,-0.10101,0.0430592,-2.19241,0.351509
-3.77606,0.424795,-0.134736,0.039842,-2.14312,0.355087
-3.84068,0.410206,-0.076543,0.052941,-2.19779,0.35148
-3.78565,0.431936,-0.152681,0.0400445,-2.14053,0.361331
-3.83468,0.440018,-0.11826,0.0338433,-2.17363,0.364635
-3.82587,0.412379,-0.121243,0.0481086,-2.16952,0.351267
-3.83072,0.442483,-0.1551,0.0340073,-2.15868,0.36875
-3.86183,0.402373,-0.109906,0.0523112,-2.19368,0.353048
-3.80542,0.437393,-0.140426,0.0370154,-2.15304,0.367625
-3.83811,0.416595,-0.0988856,0.0480721,-2.18542,0.355296
-3.81943,0.419819,-0.0980156,0.0469441,-2.17762,0.354941
-3.79512,0.406004,-0.109114,0.0547469,-2.15978,0.349924
-3.81503,0.413599,-0.111873,0.0519686,-2.17009,0.35423
-3.82071,0.425162,-0.116873,0.0393977,-2.16886,0.353815
-3.79256,0.430251,-0.138666,0.0393775,-2.14773,0.35727
-3.79791,0.453368,-0.0894861,0.0274223,-2.17245,0.363972
-3.8361,0.446861,-0.0998626,0.0285381,-2.18579,0.360582
-3.80903,0.43985,-0.0664646,0.0359464,-2.18399,0.359047
-3.82733,0.404467,-0.171353,0.0495886,-2.15083,0.346155
-3.83244,0.42279,-0.138242,0.0434982,-2.16507,0.354478
-3.85619,0.429436,-0.0624792,0.0467539,-2.20833,0.361226
-3.81331,0.447714,-0.104078,0.0322753,-2.17239,0.368812
-3.81415,0.424803,-0.110396,0.0449222,-2.17073,0.357357
-3.81652,0.441413,-0.102322,0.0424167,-2.17541,0.365348
-3.81041,0.442348,-0.139262,0.0378388,-2.15517,0.364694
-3.82402,0.438926,-0.00557659,0.0441306,-2.21503,0.362162
-3.8254,0.433399,-0.121033,0.0385868,-2.17204,0.363037
-3.73348,0.41179,-0.205868,0.0449255,-2.09272,0.348271
-3.81729,0.416378,-0.0721692,0.0488185,-2.18748,0.3523
-3.80721,0.453629,-0.105999,0.0290157,-2.17299,0.365506
-3.81771,0.433212,-0.15163,0.0375092,-2.15707,0.361097
-3.80251,0.390593,-0.09062,0.059773,-2.1728,0.342531
-3.83149,0.405825,-0.154189,0.0437546,-2.15958,0.346718
-3.8401,0.388873,-0.0940727,0.0575663,-2.18895,0.340268
-3.7907,0.428671,-0.108133,0.0384619,-2.16127,0.354874
-3.81129,0.40833,-0.150571,0.0469929,-2.15292,0.346201
-3.77062,0.440271,-0.110899,0.0353215,-2.14787,0.359475
-3.84617,0.424426,-0.0660413,0.0462335,-2.20253,0.356932
-3.83268,0.438703,-0.102733,0.0312755,-2.18394,0.36093
-3.79597,0.433367,-0.117501,0.0363447,-2.15814,0.35523
-3.81247,0.428176,-0.126724,0.0393026,-2.16192,0.35504
-3.82644,0.451519,-0.135899,0.0293053,-2.16435,0.36596
-3.80863,0.389719,-0.113722,0.059778,-2.16582,0.340369
-3.75453,0.438182,-0.140569,0.0414006,-2.12732,0.361302
-3.83431,0.437602,-0.0849765,0.0395331,-2.18564,0.365606
-3.80348,0.41462,-0.108554,0.0499473,-2.16325,0.353861
-3.80157,0.451092,-0.10813,0.0379745,-2.16267,0.371513
-3.83852,0.429401,-0.0710148,0.0455191,-2.19478,0.359313
-3.84356,0.461411,-0.0619842,0.0318877,-2.20271,0.372751
-3.77247,0.41486,-0.131083,0.0467032,-2.14118,0.349339
-3.78887,0.425432,-0.117349,0.0432936,-2.1523,0.353181
-3.81136,0.418958,-0.139607,0.0445145,-2.15614,0.351948
-3.77986,0.409499,-0.136649,0.048154,-2.14032,0.344631
-3.80876,0.431829,-0.11322,0.0385711,-2.16476,0.35538
-3.80316,0.404942,-0.114059,0.0509458,-2.16094,0.345006
-3.79979,0.445676,-0.0981384,0.0328602,-2.16522,0.361991
-3.85151,0.429625,-0.122801,0.0350836,-2.18036,0.35608
-3.80783,0.456291,-0.130856,0.0251897,-2.15676,0.364945
-3.81848,0.404943,-0.120234,0.0488438,-2.1661,0.344106
-3.81728,0.426804,-0.111756,0.0430484,-2.17054,0.354326
-3.81482,0.389488,-0.146311,0.0583357,-2.15379,0.337058
-3.82521,0.419216,-0.0645361,0.0456759,-2.19195,0.353785
-3.81173,0.45509,-0.153192,0.0265293,-2.15169,0.367895
-3.83008,0.42615,-0.062896,0.0418631,-2.19602,0.354654
-3.77177,0.431332,-0.124717,0.0384672,-2.14326,0.356208
-3.82884,0.395538,-0.16254,0.0538997,-2.1555,0.34017
-3.80127,0.45454,-0.113253,0.0261059,-2.1642,0.365758
-3.80593,0.444707,-0.114245,0.0372837,-2.16552,0.363124
-3.82037,0.423007,-0.137091,0.0401595,-2.16233,0.351367
-3.83698,0.424841,-0.0928551,0.0359873,-2.18987,0.353144
-3.81022,0.41613,-0.0948355,0.0455941,-2.17622,0.351609
-3.85173,0.429368,-0.0952723,0.0375632,-2.19569,0.356696
-3.82926,0.44663,-0.113516,0.0305099,-2.17643,0.366094
-3.81599,0.430268,-0.128649,0.0356387,-2.16195,0.357709
-3.83091,0.43705,-0.120595,0.0354843,-2.17324,0.359612
-3.83435,0.417533,-0.111595,0.0483973,-2.17687,0.350212
-3.82289,0.422606,-0.123515,0.0453725,-2.16796,0.353461
-3.81567,0.472995,-0.136734,0.0220307,-2.16108,0.374237
-3.80943,0.383195,-0.135473,0.0587805,-2.15778,0.336362
-3.79183,0.409517,-0.142438,0.047317,-2.14453,0.348106
-3.7746,0.445155,-0.13156,0.0324557,-2.1407,0.363047
-3.80001,0.426538,-0.0903136,0.0387299,-2.16897,0.354275
-3.83727,0.45092,-0.0767047,0.0312553,-2.19198,0.367572
-3.78996,0.436179,-0.13764,0.0342783,-2.14636,0.358432
-3.83819,0.431425,-0.119393,0.0389587,-2.17873,0.363664
-3.86799,0.413452,-0.101722,0.0475885,-2.20093,0.35747
-3.81762,0.426227,-0.0741151,0.0402111,-2.18413,0.358403
-3.82812,0.436645,-0.115151,0.0336734,-2.17143,0.360055
-3.81367,0.382403,-0.104033,0.061093,-2.17054,0.334301
-3.81208,0.401557,-0.135287,0.0505815,-2.15777,0.345944
-3.79499,0.421962,-0.0953624,0.0411973,-2.16356,0.348527
-3.77498,0.462568,-0.132598,0.0240976,-2.13955,0.370397
-3.80459,0.397583,-0.0792133,0.0535927,-2.17511,0.342361
-3.75767,0.410759,-0.159519,0.0410386,-2.12268,0.33976
-3.85808,0.447625,-0.0898042,0.0329557,-2.20194,0.361206
-3.79845,0.455111,-0.143011,0.0261684,-2.1485,0.364035
-3.86204,0.425881,-0.100983,0.0381709,-2.19668,0.354605
-3.77583,0.392163,-0.0909478,0.0499929,-2.15986,0.33776
-3.83276,0.418228,-0.0942206,0.0439357,-2.18683,0.353165
-3.76672,0.425127,-0.122153,0.0448581,-2.14099,0.355598
-3.85628,0.459416,-0.0981621,0.0277147,-2.19598,0.371018
-3.79532,0.436195,-0.107773,0.0360652,-2.16086,0.357689
-3.81293,0.425838,-0.12848,0.0371602,-2.15952,0.357283
-3.79426,0.395679,-0.0746731,0.0506807,-2.17499,0.339783
-3.86404,0.42287,-0.107612,0.0457797,-2.19405,0.358867
-3.81634,0.461789,-0.129104,0.0217023,-2.16113,0.369504
-3.7804,0.457304,-0.12442,0.0260221,-2.14734,0.367637
-3.85677,0.492385,-0.0413633,0.0144995,-2.21542,0.386211
-3.82081,0.428673,-0.0638333,0.0413956,-2.18665,0.360742
-3.80516,0.427153,-0.129103,0.0340253,-2.15547,0.354986
-3.81168,0.489791,-0.0946047,0.0102054,-2.17251,0.38526
-3.7985,0.368693,-0.138875,0.0647288,-2.15062,0.330114
-3.79546,0.46658,-0.105459,0.0184704,-2.1631,0.373249
-3.82642,0.398387,-0.112533,0.0458492,-2.17391,0.33744
-3.77824,0.465195,-0.157987,0.0188568,-2.13094,0.369774
-3.81208,0.412404,-0.0947621,0.0511112,-2.17184,0.346862
-3.82652,0.436003,-0.100308,0.0373045,-2.17573,0.359685
-3.78235,0.360061,-0.132323,0.0724328,-2.14218,0.323304
-3.82585,0.413543,-0.105553,0.0479395,-2.17514,0.349166
-3.80614,0.441877,-0.149227,0.0330859,-2.14742,0.362451
-3.83958,0.43696,-0.0720258,0.0333222,-2.19549,0.360038
-3.82985,0.452044,-0.100251,0.0294637,-2.17968,0.370158
-3.81552,0.430964,-0.112938,0.0383361,-2.16885,0.360691
-3.81862,0.433328,-0.126751,0.0420283,-2.16453,0.359353
-3.85222,0.428284,-0.0690531,0.0440497,-2.20413,0.357747
-3.80985,0.439084,-0.113829,0.0385512,-2.16626,0.364618
-3.78456,0.429175,-0.142726,0.0363952,-2.1432,0.357459
-3.83031,0.457816,-0.12256,0.0252541,-2.17118,0.370918
-3.79661,0.452216,-0.126774,0.0313228,-2.156,0.369673
-3.78144,0.428491,-0.123992,0.0378458,-2.14821,0.353695
-3.81011,0.436447,-0.124092,0.032668,-2.16071,0.356341
-3.8276,0.477159,-0.145506,0.0137565,-2.15876,0.377089
-3.78272,0.385549,-0.140465,0.0570299,-2.13935,0.335836
-3.7772,0.456691,-0.118738,0.0239063,-2.14783,0.366167
-3.81364,0.459379,-0.133553,0.0254274,-2.15923,0.365911
-3.85732,0.458514,-0.0619485,0.0285667,-2.20804,0.368997
-3.81322,0.433226,-0.116448,0.0367635,-2.16784,0.356282
-3.82166,0.450337,-0.139275,0.0284087,-2.16146,0.365725
-3.83142,0.412497,-0.119386,0.0472308,-2.17353,0.348045
-3.81623,0.44409,-0.0858901,0.0348774,-2.17998,0.363925
-3.80794,0.455539,-0.104872,0.0278636,-2.16797,0.367555
-3.83775,0.447204,-0.0979932,0.0350412,-2.18618,0.365588
-3.76328,0.447299,-0.190249,0.0308733,-2.11319,0.363243
-3.8402,0.441201,-0.127903,0.032363,-2.17509,0.361036
-3.821,0.444392,-0.0973024,0.0373046,-2.17566,0.362998
-3.78923,0.458709,-0.130617,0.0260626,-2.14765,0.367618
-3.82838,0.444037,-0.0757274,0.0333815,-2.19149,0.358336
-3.75769,0.416225,-0.169234,0.0416851,-2.12042,0.348505
-3.82618,0.418003,-0.101887,0.0495478,-2.17848,0.354412
-3.80351,0.444799,-0.122624,0.0325172,-2.15747,0.363413
-3.83291,0.395156,-0.10544,0.0600199,-2.17799,0.344637
-3.80566,0.432393,-0.135129,0.0385464,-2.15372,0.356117
-3.75483,0.462724,-0.153841,0.0202862,-2.1224,0.368083
-3.81611,0.398405,-0.0953071,0.0550302,-2.17641,0.344196
-3.84222,0.443439,-0.134081,0.0302998,-2.17227,0.365237
-3.80615,0.437777,-0.143106,0.0338199,-2.1498,0.356761
-3.83874,0.418549,-0.13942,0.0429383,-2.16974,0.353678
-3.77673,0.427612,-0.126334,0.0349015,-2.14534,0.351625
-3.81032,0.452095,-0.13191,0.0287019,-2.15992,0.364998
-3.84668,0.466399,-0.169343,0.0252238,-2.16091,0.371972
-3.83337,0.416372,-0.102672,0.0478045,-2.18066,0.351109
-3.85396,0.457382,-0.146064,0.029104,-2.17368,0.372884
-3.8524,0.43353,-0.134131,0.0413325,-2.17692,0.364376
-3.80317,0.42577,-0.131935,0.0474806,-2.15608,0.357889
-3.83296,0.422781,-0.150033,0.0469412,-2.16294,0.357876
-3.8362,0.433666,-0.117019,0.0413121,-2.17761,0.361809
-3.82789,0.463568,-0.139453,0.0217291,-2.16526,0.371006
-3.80568,0.422869,-0.146675,0.0425588,-2.14933,0.352583
-3.8186,0.433749,-0.124519,0.0382369,-2.16528,0.358426
-3.79139,0.424179,-0.156982,0.0389019,-2.13987,0.35293
-3.87806,0.470142,-0.113512,0.0186917,-2.19965,0.370496
-3.82628,0.47047,-0.118169,0.0196989,-2.17138,0.368739
-3.81714,0.425363,-0.138969,0.0341821,-2.1575,0.351123
-3.81978,0.485762,-0.126009,0.0111627,-2.16588,0.380804
-3.84041,0.444308,-0.0953099,0.0327132,-2.18492,0.365899
-3.82509,0.434211,-0.138797,0.0411712,-2.16194,0.359988
-3.83982,0.44126,-0.114948,0.0371369,-2.17788,0.362843
-3.86429,0.423,-0.0812424,0.0440654,-2.2043,0.353394
-3.79288,0.443041,-0.166851,0.028552,-2.13765,0.357889
-3.80831,0.417061,-0.120639,0.0395111,-2.16303,0.347612
-3.79752,0.4254,-0.146957,0.0385501,-2.14709,0.354509
-3.80296,0.426071,-0.154124,0.0389313,-2.14825,0.354061
-3.81801,0.41321,-0.144873,0.0394557,-2.15664,0.346833
-3.85069,0.423441,-0.121825,0.0384505,-2.18141,0.353619
-3.85685,0.423867,-0.141293,0.0396029,-2.17851,0.353527
-3.79204,0.4387,-0.165539,0.036146,-2.13834,0.358545
-3.82082,0.437806,-0.19537,0.0348985,-2.13914,0.358236
