x, y, z, ry, ry, rz, w
1.03635,0.330675,0.060082,1,0,0,0
1.03635,0.330675,0.060082,1,0,0,0
1.03732,0.329917,0.0595502,1,0,0,0
1.03729,0.329938,0.05958,1,0,0,0
1.03577,0.329911,0.059121,1,0,0,0
1.03453,0.329351,0.0592299,1,0,0,0
1.03401,0.329143,0.0593359,1,0,0,0
1.03271,0.329433,0.0591677,1,0,0,0
1.0329,0.329394,0.0594999,1,0,0,0
1.03279,0.329442,0.0591377,1,0,0,0
1.03148,0.329687,0.0586617,1,0,0,0
1.03094,0.329379,0.0588115,1,0,0,0
1.03127,0.330443,0.0598005,1,0,0,0
1.03073,0.330104,0.0604129,1,0,0,0
1.03048,0.32994,0.0606971,1,0,0,0
1.03054,0.329839,0.0606255,1,0,0,0
1.03044,0.329754,0.0604642,1,0,0,0
1.03188,0.330011,0.0605162,1,0,0,0
1.03259,0.330154,0.0605751,1,0,0,0
1.03488,0.332194,0.0607925,1,0,0,0
1.03597,0.333143,0.0609003,1,0,0,0
1.03638,0.332729,0.0617209,1,0,0,0
1.03601,0.331698,0.0629311,1,0,0,0
1.03565,0.331263,0.0631704,1,0,0,0
1.03522,0.330331,0.0634549,1,0,0,0
1.03512,0.3299,0.0636147,1,0,0,0
1.03553,0.328551,0.0634226,1,0,0,0
1.03563,0.328487,0.0638333,1,0,0,0
1.03656,0.325426,0.0631911,1,0,0,0
1.03722,0.32617,0.062786,1,0,0,0
1.03817,0.326847,0.062482,1,0,0,0
1.03846,0.327002,0.0624327,1,0,0,0
1.03816,0.327764,0.0626749,1,0,0,0
1.03801,0.32813,0.062791,1,0,0,0
1.03051,0.306315,0.103955,1,0,0,0
1.0305,0.306227,0.104022,1,0,0,0
1.0333,0.308538,0.0839477,1,0,0,0
1.03612,0.309057,0.0781363,1,0,0,0
1.03302,0.303058,0.0853821,1,0,0,0
1.03143,0.299253,0.0887978,1,0,0,0
1.0339,0.299398,0.0829359,1,0,0,0
1.04303,0.306118,0.0784655,1,0,0,0
1.04627,0.308241,0.0763739,1,0,0,0
1.04617,0.308214,0.0764246,1,0,0,0
1.05144,0.311584,0.0736632,1,0,0,0
1.04991,0.311091,0.0748006,1,0,0,0
1.04842,0.311252,0.0717606,1,0,0,0
1.04734,0.309252,0.0714539,1,0,0,0
1.04599,0.307442,0.0718799,1,0,0,0
1.05455,0.312797,0.0698288,1,0,0,0
1.05438,0.312675,0.0680193,1,0,0,0
1.06237,0.317772,0.0644109,1,0,0,0
1.06385,0.319613,0.0620513,1,0,0,0
1.06533,0.320099,0.0621248,1,0,0,0
1.06659,0.320713,0.0619349,1,0,0,0
1.06749,0.320442,0.0615112,1,0,0,0
1.06877,0.320671,0.0618556,1,0,0,0
1.06906,0.320621,0.0618379,1,0,0,0
1.06848,0.321068,0.0626618,1,0,0,0
1.06831,0.320956,0.0628946,1,0,0,0
1.18789,0.314756,0.0720857,1,0,0,0
1.24602,0.315169,0.0757311,1,0,0,0
1.29045,0.244723,0.0742411,1,0,0,0
1.29001,0.236867,0.0736,1,0,0,0
1.28992,0.232959,0.0723025,1,0,0,0
1.28919,0.232136,0.0727364,1,0,0,0
1.28723,0.235776,0.073613,1,0,0,0
1.28714,0.238115,0.0740535,1,0,0,0
1.28597,0.23762,0.0745384,1,0,0,0
1.28563,0.241424,0.0756048,1,0,0,0
1.28789,0.244713,0.0772057,1,0,0,0
1.28818,0.244305,0.0775934,1,0,0,0
1.28825,0.244086,0.0777494,1,0,0,0
1.2892,0.243506,0.0776965,1,0,0,0
1.28961,0.243161,0.0776282,1,0,0,0
1.28959,0.243106,0.0776004,1,0,0,0
1.29059,0.242028,0.0772719,1,0,0,0
1.28879,0.241703,0.0778734,1,0,0,0
1.28796,0.241248,0.0781387,1,0,0,0
1.28825,0.241138,0.0777415,1,0,0,0
1.28942,0.239812,0.0774166,1,0,0,0
1.28944,0.239721,0.0774095,1,0,0,0
1.29054,0.239121,0.0765704,1,0,0,0
1.29051,0.238957,0.0765443,1,0,0,0
1.29037,0.239063,0.0759822,1,0,0,0
1.28856,0.239258,0.0758754,1,0,0,0
1.2876,0.240294,0.0760047,1,0,0,0
1.28717,0.240794,0.0760945,1,0,0,0
1.28679,0.241062,0.0759239,1,0,0,0
1.28659,0.241161,0.0758095,1,0,0,0
1.28652,0.241696,0.0748496,1,0,0,0
1.28652,0.241722,0.0748034,1,0,0,0
1.28639,0.242583,0.074014,1,0,0,0
1.28642,0.24219,0.0743026,1,0,0,0
1.28645,0.241977,0.0745278,1,0,0,0
1.28645,0.242013,0.0744739,1,0,0,0
1.2865,0.240852,0.0748816,1,0,0,0
1.28653,0.240869,0.074829,1,0,0,0
1.28685,0.241325,0.0748252,1,0,0,0
1.28697,0.24271,0.0749474,1,0,0,0
1.28696,0.242545,0.0749617,1,0,0,0
1.28609,0.242358,0.0746246,1,0,0,0
1.28544,0.241284,0.0745519,1,0,0,0
1.28521,0.240767,0.0745854,1,0,0,0
1.28564,0.24105,0.0747097,1,0,0,0
1.28566,0.241031,0.0747764,1,0,0,0
1.28659,0.241489,0.0748662,1,0,0,0
1.28581,0.242135,0.0741877,1,0,0,0
1.2853,0.241071,0.0750291,1,0,0,0
1.28532,0.241069,0.0750442,1,0,0,0
1.28544,0.240363,0.075622,1,0,0,0
1.28542,0.240367,0.0756014,1,0,0,0
1.28571,0.240232,0.0756406,1,0,0,0
1.28585,0.240167,0.0756597,1,0,0,0
1.28788,0.242813,0.0758527,1,0,0,0
1.28762,0.242598,0.0761182,1,0,0,0
1.28759,0.24258,0.0761047,1,0,0,0
1.28701,0.242083,0.0760776,1,0,0,0
1.2867,0.241812,0.0760343,1,0,0,0
1.28629,0.242522,0.0752204,1,0,0,0
1.28617,0.243403,0.0744231,1,0,0,0
1.2863,0.243049,0.0743463,1,0,0,0
1.28601,0.242395,0.0742884,1,0,0,0
1.28583,0.242191,0.0742014,1,0,0,0
1.28584,0.243285,0.0743716,1,0,0,0
1.28587,0.243362,0.0744069,1,0,0,0
1.28565,0.242091,0.0759946,1,0,0,0
1.28541,0.242666,0.0764031,1,0,0,0
1.28586,0.24373,0.0760694,1,0,0,0
1.28605,0.244184,0.075892,1,0,0,0
1.28653,0.244622,0.0754979,1,0,0,0
1.28654,0.244606,0.0755106,1,0,0,0
1.28743,0.245233,0.0747564,1,0,0,0
1.28742,0.245221,0.0747636,1,0,0,0
1.28682,0.244815,0.0745368,1,0,0,0
1.28485,0.243229,0.0749819,1,0,0,0
1.28451,0.242207,0.0750937,1,0,0,0
1.28438,0.241739,0.0751746,1,0,0,0
1.28475,0.241587,0.0750272,1,0,0,0
1.28495,0.241528,0.0749789,1,0,0,0
1.28486,0.2427,0.0751367,1,0,0,0
1.2848,0.243243,0.075198,1,0,0,0
1.28359,0.244288,0.0753506,1,0,0,0
1.28397,0.244027,0.075176,1,0,0,0
1.28416,0.243887,0.075091,1,0,0,0
1.28432,0.243249,0.074933,1,0,0,0
1.28398,0.243198,0.0744745,1,0,0,0
1.2838,0.243193,0.0742349,1,0,0,0
1.28346,0.243282,0.0742621,1,0,0,0
1.28348,0.243294,0.0742868,1,0,0,0
1.28403,0.244231,0.0744299,1,0,0,0
1.28403,0.244613,0.0746264,1,0,0,0
1.28404,0.244622,0.0746481,1,0,0,0
1.28165,0.244395,0.0753907,1,0,0,0
1.28166,0.244389,0.0753874,1,0,0,0
1.28184,0.244255,0.0754136,1,0,0,0
1.28259,0.24151,0.0758039,1,0,0,0
1.28511,0.241574,0.0755967,1,0,0,0
1.28501,0.241799,0.0757147,1,0,0,0
1.28496,0.241907,0.0757725,1,0,0,0
1.28639,0.243182,0.0754933,1,0,0,0
1.28744,0.205716,0.0801904,1,0,0,0
1.26462,0.21119,0.0933998,1,0,0,0
1.26861,0.210776,0.0960249,1,0,0,0
1.27335,0.217738,0.107505,1,0,0,0
1.26845,0.221608,0.108194,1,0,0,0
1.26623,0.222851,0.108028,1,0,0,0
1.27095,0.218647,0.104898,1,0,0,0
1.27284,0.217671,0.102931,1,0,0,0
1.28297,0.208516,0.0944466,1,0,0,0
1.28823,0.20332,0.0895103,1,0,0,0
1.295,0.197076,0.0892963,1,0,0,0
1.29545,0.195367,0.0919983,1,0,0,0
1.29564,0.194578,0.0932951,1,0,0,0
1.30237,0.187792,0.101762,1,0,0,0
1.30232,0.187857,0.101782,1,0,0,0
1.30259,0.187271,0.101245,1,0,0,0
1.30119,0.181073,0.131431,1,0,0,0
1.30119,0.180901,0.131135,1,0,0,0
1.22397,0.259751,0.17017,0.888006,0.0970974,-0.198359,0.403326
1.06444,0.269885,0.199659,0.975155,0.0616383,-0.124338,0.172663
0.971026,0.303222,0.215736,0.992968,0.0373867,-0.0670434,0.0901212
0.922921,0.277541,0.231634,0.992968,0.0373867,-0.0670434,0.0901212
0.910315,0.267533,0.238174,0.992968,0.0373867,-0.0670434,0.0901212
0.824939,0.253078,0.245696,0.993966,-0.013186,0.0585508,0.0918116
0.829005,0.193566,0.281682,0.994897,-0.0115791,0.0630247,0.0779321
0.832953,0.191845,0.283414,0.995521,-0.00141145,0.0480431,0.0814064
0.828212,0.196127,0.284716,0.995521,-0.00141145,0.0480431,0.0814064
0.771053,0.262377,0.245872,0.995245,0.00861674,0.0500304,0.0831346
0.769325,0.267417,0.250443,0.995245,0.00861674,0.0500304,0.0831346
0.742665,0.274965,0.25911,0.995291,0.00690049,0.0481299,0.083858
0.737835,0.268414,0.276637,0.995381,0.0047905,0.0475233,0.0832797
0.738091,0.264743,0.280009,0.995303,0.00194563,0.0472452,0.0844756
0.752339,0.268794,0.276897,0.997321,0.00155867,0.0264509,0.0681828
0.753909,0.273197,0.271283,0.997466,-0.00319657,0.0239462,0.0669178
0.750943,0.275426,0.265913,0.997274,-0.00316397,0.0238884,0.0697461
0.751009,0.275339,0.26591,0.997274,-0.00316397,0.0238884,0.0697461
0.750744,0.276312,0.26521,0.995833,-0.00591697,0.0232404,0.0879887
0.754728,0.27849,0.27077,0.995883,-0.0049656,0.0173612,0.0888282
0.753447,0.272206,0.274663,0.995883,-0.0049656,0.0173612,0.0888282
0.748361,0.274052,0.280426,0.99466,-0.00411589,0.0201669,0.101131
0.748378,0.272465,0.282042,0.994504,-0.00362416,0.0199646,0.102715
0.748043,0.27058,0.283637,0.993324,-0.0057638,0.0242398,0.112638
0.74832,0.270109,0.283645,0.993823,-0.00941467,0.0229597,0.108172
0.75027,0.276147,0.279383,0.993692,-0.00972421,0.0216602,0.109605
0.752393,0.279175,0.276617,0.993573,-0.0103105,0.0222054,0.110517
0.752943,0.27942,0.275357,0.992635,-0.0104507,0.0178986,0.119358
0.752209,0.278712,0.273849,0.992635,-0.0104507,0.0178986,0.119358
0.75229,0.276938,0.271284,0.992231,-0.012655,0.0165776,0.122645
0.752164,0.275393,0.270524,0.992169,-0.0116172,0.0138522,0.123586
0.75522,0.271465,0.265561,0.991837,-0.0115224,0.0114128,0.126476
0.756634,0.269843,0.262596,0.991284,-0.0173892,0.00752821,0.13037
0.758107,0.268447,0.259072,0.991284,-0.0173892,0.00752821,0.13037
0.7582,0.268088,0.258083,0.991284,-0.0173892,0.00752821,0.13037
0.760385,0.262005,0.24857,0.990789,-0.0203517,-0.0121572,0.133328
0.760652,0.260571,0.246713,0.992146,-0.0240137,-0.0398484,0.116108
0.760691,0.258951,0.245434,0.991722,-0.0243797,-0.0406476,0.11934
0.760699,0.2582,0.244409,0.991427,-0.0249872,-0.0400969,0.121826
0.760812,0.258353,0.241954,0.99086,-0.0251696,-0.0343515,0.128
0.759367,0.257509,0.242353,0.99086,-0.0251696,-0.0343515,0.128
0.756337,0.257487,0.241852,0.989816,-0.0264224,-0.0263798,0.137366
0.754013,0.257803,0.243158,0.990613,-0.0248647,-0.0310059,0.130793
0.75103,0.262563,0.244511,0.992468,-0.0211993,-0.0187934,0.119179
0.751548,0.263279,0.244884,0.993676,-0.0188018,-0.0190397,0.109048
0.751084,0.264847,0.246273,0.99417,-0.0151806,-0.017992,0.105224
0.749889,0.262638,0.246349,0.99417,-0.0151806,-0.017992,0.105224
0.750149,0.265742,0.245063,0.994604,-0.0147655,-0.0163177,0.101382
0.751606,0.26543,0.244147,0.995664,-0.0152034,-0.0185098,0.0898862
0.75255,0.266142,0.243262,0.995896,-0.0141121,-0.0215829,0.0867531
0.757467,0.267399,0.246594,0.996595,-0.0143832,-0.0236869,0.0776586
0.757573,0.268194,0.246582,0.997426,-0.0113151,-0.0203235,0.0678247
0.757396,0.26976,0.246273,0.997426,-0.0113151,-0.0203235,0.0678247
0.752792,0.277389,0.244522,0.997578,-0.00877693,-0.0159682,0.0671317
0.74848,0.281549,0.245909,0.997683,-0.0107966,-0.0133136,0.0658344
0.745233,0.287905,0.244902,0.997717,-0.0121811,-0.0128186,0.0651805
0.741382,0.289783,0.247903,0.997818,-0.0120366,-0.00679427,0.0645666
0.739374,0.289608,0.249479,0.997805,-0.0129243,-0.00330729,0.0648639
0.739712,0.288654,0.249421,0.997805,-0.0129243,-0.00330729,0.0648639
0.739948,0.288476,0.252011,0.997977,-0.00696084,0.00288336,0.0631277
0.739535,0.288312,0.252702,0.998044,-0.00441945,0.0026189,0.0623065
0.739575,0.287561,0.253155,0.997948,-0.00539382,0.0081196,0.0632786
0.739983,0.287521,0.252644,0.997876,-0.00427231,0.0110994,0.0640436
0.741005,0.287961,0.251648,0.997948,-0.00617058,0.0158382,0.0617381
0.741467,0.288353,0.250583,0.997967,-0.00432494,0.0154985,0.0616636
0.74022,0.286421,0.25137,0.997967,-0.00432494,0.0154985,0.0616636
0.741335,0.289239,0.248695,0.985984,0.0173177,0.017433,0.165021
0.741588,0.290888,0.24583,0.981533,0.0236702,0.0241849,0.188277
0.743061,0.29267,0.242858,0.979586,0.0347353,0.0171912,0.197253
0.745452,0.293574,0.236307,0.974792,0.0388994,0.017828,0.218976
0.746329,0.295908,0.232949,0.969545,0.0398316,0.0218439,0.240662
0.74644,0.297587,0.23001,0.919593,0.0670513,0.0742982,0.379913
0.746987,0.297273,0.226398,0.844051,0.10532,0.110422,0.514093
0.747099,0.297099,0.226026,0.746205,0.18285,0.128575,0.627067
0.748232,0.305982,0.214141,-0.472054,-0.130625,-0.162314,-0.856596
0.75042,0.310039,0.204877,-0.383567,-0.129113,-0.201362,-0.891998
0.752109,0.31121,0.200587,-0.30602,-0.144609,-0.219233,-0.915083
0.752009,0.313495,0.199228,-0.285368,-0.148178,-0.229806,-0.918585
0.753648,0.31689,0.195279,-0.2437,-0.150022,-0.2417,-0.927192
0.7561,0.320068,0.191261,-0.233326,-0.14185,-0.237373,-0.932251
0.762482,0.321953,0.181571,-0.232495,-0.131667,-0.236788,-0.934099
0.764062,0.323016,0.178416,-0.228661,-0.134308,-0.239132,-0.934073
0.764361,0.323969,0.174799,-0.230745,-0.136212,-0.236643,-0.933918
0.764746,0.324467,0.173117,-0.229084,-0.137076,-0.236047,-0.934351
0.76691,0.324882,0.169331,-0.220819,-0.142072,-0.236309,-0.935528
0.768005,0.324566,0.168188,-0.211344,-0.143812,-0.234464,-0.937912
0.771641,0.327509,0.162886,-0.210504,-0.141425,-0.235323,-0.938248
0.772151,0.327632,0.163342,-0.209401,-0.141295,-0.233219,-0.93904
0.772876,0.326334,0.164907,-0.203434,-0.137824,-0.226329,-0.942547
0.772096,0.325602,0.16581,-0.203971,-0.139379,-0.225006,-0.942519
0.770476,0.324995,0.168503,-0.203457,-0.138851,-0.223239,-0.943128
0.769985,0.32423,0.169561,-0.205278,-0.137494,-0.223938,-0.942766
0.769766,0.32366,0.170099,-0.21289,-0.131275,-0.223341,-0.942106
0.769776,0.323569,0.170103,-0.21289,-0.131275,-0.223341,-0.942106
0.769089,0.322279,0.17072,-0.21289,-0.131275,-0.223341,-0.942106
0.769174,0.322161,0.170673,-0.21289,-0.131275,-0.223341,-0.942106
0.769094,0.322439,0.17284,-0.207921,-0.125467,-0.223438,-0.943982
0.769152,0.322457,0.173118,-0.213475,-0.12453,-0.222619,-0.94306
0.768956,0.320013,0.173682,-0.212396,-0.123484,-0.220948,-0.943834
0.77006,0.320015,0.173111,-0.206672,-0.125115,-0.220031,-0.945103
0.771273,0.320301,0.17212,-0.2047,-0.122924,-0.220433,-0.945726
0.771733,0.320279,0.171623,-0.200326,-0.123165,-0.219495,-0.946849
0.771637,0.320609,0.171789,-0.193406,-0.115122,-0.228715,-0.947117
0.771533,0.320048,0.172384,-0.194101,-0.111434,-0.229128,-0.947316
0.770708,0.32034,0.173327,-0.191506,-0.110334,-0.227533,-0.948357
0.770667,0.320208,0.173174,-0.191506,-0.110334,-0.227533,-0.948357
0.76938,0.318908,0.1776,-0.17675,-0.0898163,-0.216715,-0.955891
0.769019,0.318809,0.178649,-0.17675,-0.0898165,-0.216715,-0.955891
0.767457,0.318328,0.18047,-0.172755,-0.0765753,-0.211107,-0.959023
0.767746,0.317001,0.182027,-0.174605,-0.0714968,-0.209611,-0.959408
0.767065,0.317286,0.183615,-0.174635,-0.0670964,-0.206785,-0.960334
0.767925,0.316276,0.183889,-0.173465,-0.0654562,-0.205527,-0.960929
0.767685,0.316616,0.18466,-0.170804,-0.0581787,-0.2014,-0.962746
0.76768,0.316549,0.184438,-0.168301,-0.057942,-0.200326,-0.963425
0.766417,0.316618,0.185863,-0.168139,-0.0562829,-0.19854,-0.963921
0.765963,0.316917,0.186879,-0.166608,-0.0581208,-0.196272,-0.964542
0.7644,0.318099,0.188521,-0.166315,-0.0577206,-0.198409,-0.964179
0.764501,0.31897,0.187263,-0.161426,-0.0541208,-0.198428,-0.965214
0.764415,0.319121,0.186961,-0.161426,-0.0541208,-0.198428,-0.965214
0.765065,0.319453,0.187013,-0.161426,-0.0541208,-0.198428,-0.965214
0.765157,0.31931,0.186976,-0.161426,-0.0541208,-0.198428,-0.965214
0.763169,0.323087,0.196532,-0.0775871,0.0142144,-0.132214,-0.988078
0.763314,0.323005,0.197348,-0.0775871,0.0142144,-0.132214,-0.988078
0.763512,0.322896,0.197874,-0.0775871,0.0142144,-0.132214,-0.988078
0.763906,0.324277,0.198491,-0.0775871,0.0142144,-0.132214,-0.988078
0.764016,0.324579,0.198374,-0.0775871,0.0142144,-0.132214,-0.988078
0.764628,0.324047,0.19813,-0.0775871,0.0142144,-0.132214,-0.988078
0.764655,0.323803,0.198006,-0.0775871,0.0142144,-0.132214,-0.988078
0.764069,0.323916,0.197889,-0.0775871,0.0142144,-0.132214,-0.988078
0.764065,0.323912,0.19788,-0.0775871,0.0142144,-0.132214,-0.988078
0.763032,0.324624,0.199329,-0.0775871,0.0142144,-0.132214,-0.988078
0.763037,0.324621,0.199319,-0.0775871,0.0142144,-0.132214,-0.988078
0.746113,0.325667,0.222591,-0.10702,0.131308,-0.13417,-0.976373
0.760359,0.318275,0.233787,-0.0700786,0.0686494,-0.0965671,-0.99048
0.747453,0.322498,0.22446,-0.0700786,0.0686495,-0.0965671,-0.99048
0.747678,0.320712,0.224756,-0.0700786,0.0686495,-0.0965671,-0.99048
0.75023,0.319216,0.2227,-0.076995,0.0875555,-0.140005,-0.983262
0.752461,0.31852,0.221023,-0.076995,0.0875555,-0.140005,-0.983262
0.753717,0.318449,0.220717,-0.076995,0.0875555,-0.140005,-0.983262
0.753627,0.319221,0.220624,-0.076995,0.0875555,-0.140005,-0.983262
0.754041,0.319292,0.220074,-0.076995,0.0875555,-0.140005,-0.983262
0.753332,0.319331,0.221291,-0.076995,0.0875555,-0.140005,-0.983262
0.75071,0.320864,0.228099,-0.120962,0.0767867,-0.18052,-0.97308
0.755192,0.317332,0.23091,-0.124185,0.0570279,-0.188043,-0.972608
0.757526,0.31453,0.229865,-0.125341,0.0574761,-0.189122,-0.972224
0.759539,0.312472,0.227775,-0.125906,0.0640866,-0.187715,-0.97201
0.759462,0.310432,0.226121,-0.149196,0.0750955,-0.1842,-0.968593
0.759241,0.311423,0.225107,-0.165391,0.0675094,-0.187152,-0.965952
0.758925,0.313675,0.224091,-0.152467,0.0607747,-0.191315,-0.967708
0.756673,0.316039,0.223246,-0.135428,0.0673964,-0.187256,-0.970594
0.756162,0.320117,0.222523,-0.140437,0.0663394,-0.181084,-0.971126
0.755971,0.321899,0.222101,-0.140437,0.0663394,-0.181084,-0.971126
0.757598,0.327417,0.219687,-0.134548,0.054525,-0.189162,-0.971155
0.757683,0.3278,0.219764,-0.134548,0.054525,-0.189162,-0.971155
0.75788,0.329389,0.220099,-0.134548,0.054525,-0.189162,-0.971155
0.75773,0.33072,0.220738,-0.134548,0.054525,-0.189162,-0.971155
0.756748,0.333614,0.222403,-0.134548,0.054525,-0.189162,-0.971155
0.774997,0.328886,0.260352,1,0,0,0
0.785126,0.326554,0.27399,1,0,0,0
0.784482,0.326978,0.273218,1,0,0,0
0.788712,0.324821,0.267222,1,0,0,0
0.757272,0.334177,0.217826,-0.134548,0.054525,-0.189162,-0.971155
0.73793,0.353841,0.193198,-0.688203,-0.140164,-0.15225,-0.695378
0.737084,0.35568,0.190186,-0.688203,-0.140164,-0.15225,-0.695378
0.750956,0.358594,0.151886,0.797853,0.183179,0.0521155,0.571979
0.750339,0.358873,0.149236,0.797853,0.183179,0.0521155,0.571979
0.745178,0.359018,0.131194,0.791088,0.221323,0.0273355,0.569604
0.740734,0.360821,0.120089,0.793125,0.21979,0.0212587,0.567621
0.736119,0.362042,0.118773,0.805697,0.220716,0.00700151,0.549626
0.732104,0.359133,0.11338,0.839461,0.231948,-0.0129486,0.491261
0.723656,0.351919,0.108213,0.866042,0.251051,0.004628,0.432345
0.723101,0.350472,0.108257,0.866042,0.251051,0.004628,0.432345
0.721031,0.347545,0.102797,0.886385,0.240473,0.0276364,0.394628
0.720282,0.343738,0.0940092,0.838937,0.231736,0.0953689,0.483103
0.724788,0.339549,0.0876261,0.891479,0.218198,0.0659942,0.391536
0.726249,0.33799,0.0865968,0.895963,0.225249,0.0662132,0.376999
0.730631,0.331452,0.0808735,0.900515,0.248579,0.0707104,0.349688
0.730782,0.330745,0.0808161,0.900515,0.248579,0.0707104,0.349688
0.736577,0.328886,0.0749412,0.897936,0.237777,0.0823698,0.361093
0.747458,0.320302,0.065833,0.940283,0.208479,0.0555622,0.263281
0.75778,0.311854,0.0587966,0.959046,0.187179,0.0288053,0.210629
0.759737,0.317232,0.0514002,0.954203,0.19015,0.0397562,0.227504
0.755811,0.322889,0.0488874,0.93482,0.205447,0.0658718,0.282071
0.754261,0.326076,0.0545959,0.919152,0.22307,0.0613919,0.318794
0.753513,0.32758,0.0556378,0.919152,0.22307,0.0613919,0.318794
0.752819,0.333119,0.0640022,0.929071,0.23773,0.0431505,0.28009
0.768961,0.325953,0.0694777,0.956624,0.185523,0.0908459,0.205423
0.78652,0.319029,0.071669,0.964236,0.156807,0.106373,0.185327
0.827815,0.300889,0.0633571,0.962353,0.106095,0.169882,0.183739
0.835842,0.297284,0.0599505,0.962353,0.106095,0.169882,0.183739
0.856057,0.288455,0.0520997,0.955394,0.0919456,0.20446,0.192261
0.84253,0.290302,0.0997197,1,0,0,0
0.862422,0.286126,0.0917473,1,0,0,0
0.911101,0.279872,0.0881499,1,0,0,0
0.932536,0.285899,0.0886605,1,0,0,0
0.967508,0.293554,0.0868111,1,0,0,0
0.976509,0.288955,0.0873961,1,0,0,0
0.98894,0.303941,0.084905,1,0,0,0
0.993256,0.308681,0.0823854,1,0,0,0
0.99378,0.306045,0.0911914,1,0,0,0
0.991725,0.309512,0.0961362,1,0,0,0
1.00744,0.378061,0.0496601,1,0,0,0
1.01866,0.410665,0.027135,1,0,0,0
1.02769,0.42687,0.0228679,1,0,0,0
1.03024,0.433063,0.0215716,1,0,0,0
1.01274,0.361771,0.0475272,1,0,0,0
0.991345,0.313953,0.0680966,1,0,0,0
0.986586,0.308181,0.0724353,1,0,0,0
0.980366,0.315617,0.0796839,1,0,0,0
0.978326,0.32018,0.0863226,1,0,0,0
0.977568,0.320667,0.0897123,1,0,0,0
0.978103,0.321265,0.0908935,1,0,0,0
0.980002,0.320575,0.09421,1,0,0,0
0.980854,0.320133,0.0957911,1,0,0,0
0.981007,0.321159,0.0940545,1,0,0,0
0.981199,0.321422,0.0928046,1,0,0,0
0.979523,0.323339,0.0918489,1,0,0,0
0.977521,0.326502,0.0925976,1,0,0,0
0.977576,0.329247,0.0928379,1,0,0,0
0.982241,0.327045,0.0920999,1,0,0,0
0.982244,0.326989,0.0920905,1,0,0,0
0.986163,0.325771,0.0863149,1,0,0,0
0.992608,0.326125,0.0929256,1,0,0,0
0.996932,0.324977,0.0957862,1,0,0,0
0.991784,0.319192,0.097867,1,0,0,0
0.990483,0.313048,0.107304,1,0,0,0
0.989877,0.310209,0.111729,1,0,0,0
0.989754,0.306964,0.118243,1,0,0,0
0.987863,0.306966,0.121699,1,0,0,0
0.987509,0.305523,0.126596,1,0,0,0
0.988646,0.303422,0.131889,1,0,0,0
0.988661,0.303463,0.131793,1,0,0,0
0.989806,0.301439,0.136114,1,0,0,0
0.989809,0.301468,0.136043,1,0,0,0
0.994455,0.300933,0.14024,1,0,0,0
0.994671,0.300793,0.140152,1,0,0,0
0.995665,0.29772,0.145137,1,0,0,0
0.996276,0.29586,0.148593,1,0,0,0
0.997023,0.294171,0.149506,1,0,0,0
0.998124,0.294665,0.149959,1,0,0,0
0.988881,0.285914,0.131969,1,0,0,0
0.987134,0.280893,0.127738,1,0,0,0
0.986152,0.27883,0.125915,1,0,0,0
0.993661,0.297184,0.100366,1,0,0,0
0.999283,0.307545,0.0878097,1,0,0,0
1.00014,0.308024,0.0881939,1,0,0,0
1.03646,0.384877,0.0370365,1,0,0,0
1.04557,0.378775,0.0532004,1,0,0,0
1.04861,0.376966,0.052878,1,0,0,0
1.04581,0.37134,0.0559928,1,0,0,0
1.04865,0.370012,0.055415,1,0,0,0
1.05242,0.373119,0.0543578,1,0,0,0
1.0514,0.378607,0.0551869,1,0,0,0
1.05091,0.380961,0.0553055,1,0,0,0
1.02338,0.35108,0.10103,1,0,0,0
1.00694,0.361086,0.105492,1,0,0,0
0.985684,0.372935,0.112455,1,0,0,0
0.97297,0.392061,0.111278,1,0,0,0
0.967191,0.401062,0.110554,1,0,0,0
0.970651,0.409962,0.100875,1,0,0,0
0.97439,0.415801,0.0920614,1,0,0,0
0.975723,0.414218,0.0907671,1,0,0,0
0.977898,0.421573,0.0881838,1,0,0,0
0.985747,0.421061,0.0830512,1,0,0,0
0.985424,0.421933,0.0815164,1,0,0,0
0.994466,0.419583,0.0767612,1,0,0,0
0.998553,0.416335,0.0745066,1,0,0,0
1.00013,0.414681,0.073432,1,0,0,0
0.998923,0.411429,0.0547061,1,0,0,0
0.994839,0.411656,0.0553308,1,0,0,0
1.00419,0.395365,0.075212,1,0,0,0
1.00417,0.389874,0.0805101,1,0,0,0
1.00627,0.385955,0.0827546,1,0,0,0
1.0071,0.384894,0.0824796,1,0,0,0
1.00547,0.382349,0.0875659,1,0,0,0
0.989646,0.376582,0.0945322,1,0,0,0
0.983831,0.374711,0.0965002,1,0,0,0
0.984538,0.368238,0.0980266,1,0,0,0
0.983756,0.365775,0.097816,1,0,0,0
0.978267,0.350989,0.0993832,1,0,0,0
0.967408,0.34029,0.095149,1,0,0,0
0.966079,0.328869,0.0929695,1,0,0,0
0.950821,0.299357,0.083951,1,0,0,0
0.950348,0.291233,0.0834733,1,0,0,0
0.947132,0.294176,0.0865384,1,0,0,0
0.945496,0.299941,0.0884982,1,0,0,0
0.945509,0.302082,0.0887209,1,0,0,0
0.948829,0.311005,0.088882,1,0,0,0
0.948899,0.311066,0.0888853,1,0,0,0
0.950537,0.331394,0.0818801,1,0,0,0
0.950548,0.331405,0.0818654,1,0,0,0
0.945321,0.342221,0.0804636,1,0,0,0
0.942612,0.34718,0.0798332,1,0,0,0
0.932389,0.42286,0.0799518,1,0,0,0
0.925973,0.434818,0.0872882,1,0,0,0
0.917312,0.44686,0.0888729,1,0,0,0
0.917503,0.446258,0.0888198,1,0,0,0
0.910068,0.45378,0.0765064,1,0,0,0
0.908493,0.454508,0.0763134,1,0,0,0
0.911212,0.462335,0.0743791,1,0,0,0
0.915042,0.468955,0.0764962,1,0,0,0
0.917514,0.472955,0.0775922,1,0,0,0
0.924524,0.480436,0.0784681,1,0,0,0
0.928901,0.482255,0.0791664,1,0,0,0
0.930966,0.483093,0.0794968,1,0,0,0
0.95467,0.484922,0.0871144,1,0,0,0
0.963087,0.487131,0.0912927,1,0,0,0
0.969173,0.484625,0.0919815,1,0,0,0
0.976129,0.486093,0.0928402,1,0,0,0
0.976176,0.47975,0.0921862,1,0,0,0
0.964265,0.475456,0.0919458,1,0,0,0
0.958581,0.48058,0.0839592,1,0,0,0
0.952389,0.477069,0.0807159,1,0,0,0
0.945421,0.471495,0.0774873,1,0,0,0
0.942542,0.468599,0.0767434,1,0,0,0
0.937401,0.468368,0.0769129,1,0,0,0
0.937085,0.468283,0.0770601,1,0,0,0
0.937928,0.466848,0.0761618,1,0,0,0
0.944337,0.472349,0.0812414,1,0,0,0
0.946287,0.470416,0.0991453,1,0,0,0
0.945839,0.4697,0.0999224,1,0,0,0
0.945874,0.46796,0.105221,1,0,0,0
0.943574,0.463714,0.107459,1,0,0,0
0.942653,0.461354,0.110372,1,0,0,0
0.940424,0.459702,0.111143,1,0,0,0
0.94294,0.460545,0.110099,1,0,0,0
0.944107,0.461004,0.109637,1,0,0,0
0.929499,0.444196,0.11396,1,0,0,0
0.929469,0.444185,0.113942,1,0,0,0
0.9136,0.44432,0.118603,1,0,0,0
0.911793,0.444763,0.119137,1,0,0,0
0.906567,0.442324,0.121656,1,0,0,0
0.904208,0.437955,0.123676,1,0,0,0
0.891203,0.435163,0.129043,1,0,0,0
0.885507,0.43471,0.131472,1,0,0,0
0.879828,0.434618,0.13285,1,0,0,0
0.873024,0.431024,0.1308,1,0,0,0
0.875492,0.420154,0.127142,1,0,0,0
0.875204,0.412797,0.12402,1,0,0,0
0.876248,0.410229,0.122599,1,0,0,0
0.88083,0.403938,0.121375,1,0,0,0
0.883036,0.401045,0.120822,1,0,0,0
0.884588,0.39855,0.117424,1,0,0,0
0.88548,0.397081,0.115942,1,0,0,0
0.891242,0.400038,0.114931,1,0,0,0
0.893029,0.39953,0.113595,1,0,0,0
0.893563,0.399556,0.113238,1,0,0,0
0.891955,0.40118,0.113405,1,0,0,0
0.891023,0.402099,0.113649,1,0,0,0
0.890984,0.401009,0.112844,1,0,0,0
0.885985,0.40809,0.114565,1,0,0,0
0.888878,0.407755,0.11415,1,0,0,0
0.890217,0.407246,0.113136,1,0,0,0
0.88786,0.388405,0.105293,1,0,0,0
0.886006,0.380733,0.101796,1,0,0,0
0.884731,0.374533,0.0970863,1,0,0,0
0.885543,0.371879,0.0937972,1,0,0,0
0.885135,0.372204,0.0932201,1,0,0,0
0.885202,0.366224,0.091845,1,0,0,0
0.886451,0.360817,0.0922152,1,0,0,0
0.88646,0.360906,0.0922672,1,0,0,0
0.887988,0.354193,0.0974887,1,0,0,0
0.836044,0.326797,0.133804,1,0,0,0
0.78627,0.298856,0.172339,1,0,0,0
0.721485,0.244938,0.194433,0.982745,-0.126475,-0.049504,0.125563
0.703403,0.22646,0.211991,0.982748,-0.126474,-0.0493674,0.125595
0.704316,0.227078,0.211484,0.982748,-0.126474,-0.0493674,0.125595
0.6028,0.167373,0.230605,0.973304,-0.201565,0.0866263,0.0674261
0.597351,0.160443,0.230325,0.972616,-0.19846,0.0925942,0.0778321
0.588219,0.157386,0.228517,0.974261,-0.191655,0.0878961,0.0797349
0.583829,0.157229,0.224354,0.976031,-0.182168,0.0825464,0.0858204
0.583441,0.160766,0.218732,0.976298,-0.176418,0.0778238,0.0983008
0.584344,0.161492,0.217425,0.976298,-0.176418,0.0778238,0.0983008
0.585541,0.161334,0.217244,0.976298,-0.176418,0.0778238,0.0983008
0.589876,0.178328,0.219127,0.983333,-0.141008,0.051463,0.102593
0.600036,0.191463,0.220192,0.983587,-0.128637,0.0619465,0.110324
0.604603,0.198814,0.220941,0.984031,-0.120311,0.0665216,0.113064
0.605292,0.200156,0.222324,0.984031,-0.120311,0.0665216,0.113064
0.605799,0.201294,0.223775,0.9862,-0.10965,0.0645424,0.105927
0.60498,0.201524,0.224921,0.9862,-0.10965,0.0645424,0.105927
0.607771,0.206356,0.227673,0.986305,-0.100024,0.0700012,0.110893
0.610013,0.207666,0.229134,0.987181,-0.0972556,0.0759101,0.101253
0.610802,0.205908,0.230474,0.987228,-0.0956834,0.0782555,0.100505
0.61085,0.2036,0.230719,0.985329,-0.102179,0.0887163,0.103999
0.611351,0.201684,0.231021,0.985278,-0.101747,0.088626,0.104978
0.61166,0.200915,0.233107,0.985278,-0.101747,0.088626,0.104978
0.612191,0.199543,0.233326,0.985305,-0.102958,0.0884933,0.103648
0.612537,0.198828,0.233724,0.985601,-0.101649,0.0871709,0.103245
0.613967,0.20202,0.231984,0.98565,-0.102225,0.0863487,0.102894
0.614458,0.204275,0.232224,0.985668,-0.102367,0.0858363,0.103011
0.615792,0.204857,0.232485,0.985635,-0.102602,0.0856168,0.10328
0.615499,0.203827,0.233451,0.985438,-0.101685,0.0863301,0.10545
0.615035,0.203068,0.23407,0.985438,-0.101685,0.0863301,0.10545
0.615167,0.206726,0.232849,0.985532,-0.101898,0.085751,0.104836
0.615426,0.207779,0.232551,0.985532,-0.101898,0.085751,0.104836
0.616324,0.213188,0.227267,0.985718,-0.101606,0.0817586,0.106544
0.616444,0.215489,0.224365,0.985555,-0.101971,0.0835783,0.106294
0.615137,0.222887,0.218481,0.986085,-0.100695,0.0805911,0.104893
0.615704,0.224265,0.217297,0.986085,-0.100695,0.0805911,0.104893
0.616012,0.224208,0.216886,0.986085,-0.100695,0.0805911,0.104893
0.616187,0.224263,0.216439,0.987652,-0.0964894,0.0709816,0.100971
0.618864,0.229431,0.210919,0.988416,-0.0910508,0.0680243,0.100584
0.619583,0.23112,0.210441,0.988785,-0.0888133,0.0648437,0.101054
0.61921,0.232816,0.209195,0.989617,-0.083397,0.0623066,0.0990997
0.617849,0.232393,0.21015,0.991196,-0.0809567,0.0571532,0.0878027
0.617334,0.233068,0.210297,0.991866,-0.0783026,0.0546772,0.0841463
0.618149,0.232811,0.210306,0.991866,-0.0783026,0.0546772,0.0841463
0.619924,0.233761,0.211502,0.986287,-0.0637132,0.0752196,0.132369
0.620578,0.234019,0.211739,0.984827,-0.0630439,0.080474,0.140236
0.620946,0.234516,0.21175,0.980944,-0.0574286,0.0898008,0.162442
0.621111,0.236103,0.21246,0.980477,-0.0606131,0.0905934,0.163656
0.620321,0.238393,0.212505,0.982615,-0.0582602,0.0864896,0.153603
0.617696,0.239065,0.212817,0.982268,-0.0582085,0.0858021,0.156202
0.618029,0.239986,0.213028,0.981679,-0.0568843,0.0867537,0.159828
0.618181,0.240835,0.213639,0.982356,-0.055799,0.0851869,0.156865
0.618401,0.241564,0.21388,0.981892,-0.0514306,0.0872995,0.160067
0.616801,0.243442,0.214559,0.97789,-0.0442367,0.0981096,0.179301
0.616855,0.243067,0.215956,0.967066,-0.0191785,0.11104,0.228223
0.617044,0.242948,0.216986,0.944849,0.0032699,0.118705,0.305219
0.618135,0.243108,0.216661,0.944849,0.0032699,0.118705,0.305219
0.61754,0.240046,0.22389,0.845608,0.0707823,0.12152,0.514946
0.617852,0.241902,0.227507,0.787119,0.0812778,0.11615,0.600289
0.617593,0.243194,0.227845,-0.628384,-0.0922739,-0.135782,-0.760383
0.618325,0.245573,0.227768,-0.548971,-0.0893558,-0.12797,-0.821139
0.617519,0.246376,0.226772,-0.477365,-0.0890313,-0.125267,-0.865162
0.61845,0.250979,0.221747,-0.42132,-0.0946889,-0.142517,-0.890625
0.618213,0.25199,0.221859,-0.42132,-0.0946889,-0.142517,-0.890625
0.618519,0.252061,0.219921,-0.42132,-0.0946889,-0.142517,-0.890625
0.618772,0.25195,0.219008,-0.42132,-0.0946889,-0.142517,-0.890625
0.61804,0.254256,0.201904,-0.290232,-0.141509,-0.169092,-0.931208
0.619018,0.263894,0.177593,-0.161709,-0.158253,-0.199082,-0.953505
0.619653,0.272536,0.153947,-0.135352,-0.241758,-0.218751,-0.935618
0.622596,0.276403,0.145839,-0.135352,-0.241758,-0.218751,-0.935618
0.628242,0.278672,0.132263,-0.155651,-0.269855,-0.215984,-0.925366
0.631369,0.269814,0.15083,-0.165232,-0.263998,-0.205584,-0.92776
0.634478,0.269854,0.122083,-0.159624,-0.277808,-0.200363,-0.92585
0.635424,0.269473,0.122446,-0.170435,-0.288928,-0.193196,-0.922035
0.635575,0.268966,0.122672,-0.170435,-0.288928,-0.193196,-0.922035
0.635519,0.267499,0.122317,-0.179484,-0.287931,-0.187263,-0.921853
0.635403,0.265586,0.121969,-0.179484,-0.287931,-0.187263,-0.921853
0.634019,0.258731,0.125361,-0.216338,-0.286737,-0.170746,-0.917511
0.634378,0.258774,0.125979,-0.216338,-0.286737,-0.170746,-0.917511
0.635137,0.258463,0.125707,-0.216338,-0.286737,-0.170746,-0.917511
0.635402,0.258353,0.125464,-0.216338,-0.286737,-0.170746,-0.917511
0.633882,0.257425,0.12515,-0.216338,-0.286737,-0.170746,-0.917511
0.63143,0.255682,0.126168,-0.205642,-0.239757,-0.164707,-0.934398
0.63009,0.254712,0.126719,-0.205642,-0.239757,-0.164707,-0.934398
0.627627,0.255405,0.125559,-0.192712,-0.272583,-0.160591,-0.928855
0.627632,0.255586,0.125549,-0.192712,-0.272583,-0.160591,-0.928855
0.643101,0.245533,0.157562,1,0,0,0
0.650932,0.240434,0.172711,1,0,0,0
0.626451,0.256856,0.12608,-0.192712,-0.272583,-0.160591,-0.928855
0.627044,0.256859,0.125355,-0.192712,-0.272583,-0.160591,-0.928855
0.648138,0.247294,0.155375,1,0,0,0
0.658083,0.242731,0.16987,1,0,0,0
0.660553,0.239466,0.169338,1,0,0,0
0.660437,0.238299,0.169622,1,0,0,0
0.660282,0.237801,0.169639,1,0,0,0
0.658029,0.238534,0.172762,1,0,0,0
0.65822,0.237199,0.174067,1,0,0,0
0.628178,0.255935,0.125534,-0.192712,-0.272583,-0.160591,-0.928855
0.639069,0.23891,0.163211,-0.287548,-0.100452,-0.162333,-0.938549
0.639603,0.236297,0.16629,-0.287548,-0.100452,-0.162333,-0.938549
0.639789,0.234394,0.168614,-0.287548,-0.100452,-0.162333,-0.938549
0.636178,0.227852,0.19913,-0.239891,-0.0964522,-0.106454,-0.960113
0.631947,0.224891,0.217317,-0.260722,-0.0878518,-0.11062,-0.955023
0.63186,0.223674,0.218353,-0.260722,-0.0878517,-0.11062,-0.955023
0.647505,0.211832,0.235319,1,0,0,0
0.636903,0.226292,0.214042,-0.28132,0.0196403,-0.0849876,-0.955641
0.639868,0.222556,0.217589,-0.23638,-0.012022,-0.0910991,-0.967306
0.643213,0.215439,0.22111,-0.185214,-0.0563532,-0.109464,-0.974955
0.64774,0.213208,0.222908,-0.180386,-0.07079,-0.131431,-0.972202
0.64768,0.211353,0.225196,-0.176884,-0.0591738,-0.129745,-0.973846
0.647254,0.211816,0.22543,-0.176884,-0.0591738,-0.129745,-0.973846
0.647853,0.211916,0.225496,-0.176884,-0.0591738,-0.129745,-0.973846
0.641587,0.212396,0.227318,-0.180059,-0.0339256,-0.139041,-0.973188
0.642337,0.213775,0.226994,-0.180059,-0.0339256,-0.139041,-0.973188
0.641694,0.213161,0.223064,-0.178899,0.0178578,-0.14592,-0.972823
0.643641,0.21277,0.224838,-0.171433,-0.01563,-0.15253,-0.973191
0.649515,0.212361,0.22991,-0.164804,-0.0623796,-0.157669,-0.971642
0.649489,0.21237,0.229869,-0.164804,-0.0623796,-0.157669,-0.971642
0.655533,0.213229,0.233561,-0.176402,-0.0720902,-0.152274,-0.969793
0.654844,0.213654,0.234446,-0.172068,-0.0738813,-0.155883,-0.969863
0.652703,0.214937,0.235779,-0.170891,-0.0900703,-0.165744,-0.967064
0.650916,0.216658,0.234709,-0.173512,-0.0899423,-0.167732,-0.966266
0.672582,0.211593,0.267532,1,0,0,0
0.672341,0.212613,0.267682,1,0,0,0
0.671411,0.211989,0.269703,1,0,0,0
0.655083,0.215699,0.242395,-0.173053,-0.107895,-0.248034,-0.947043
0.649247,0.21872,0.234661,-0.145602,-0.174997,-0.224418,-0.94753
0.653261,0.22126,0.239336,-0.119721,-0.199103,-0.209401,-0.94983
0.653532,0.221548,0.239163,-0.119721,-0.199103,-0.209401,-0.94983
0.654056,0.221717,0.239182,-0.119721,-0.199103,-0.209401,-0.94983
0.655926,0.224157,0.239603,-0.17606,-0.141366,-0.223327,-0.948232
0.668642,0.216679,0.259369,1,0,0,0
0.673338,0.21547,0.270772,1,0,0,0
0.668518,0.216053,0.272433,1,0,0,0
0.668388,0.216095,0.272185,1,0,0,0
0.667559,0.216711,0.272627,1,0,0,0
0.666372,0.218808,0.273311,1,0,0,0
0.66543,0.220069,0.274194,1,0,0,0
0.649183,0.22962,0.235218,-0.221871,-0.101663,-0.213177,-0.946041
0.65442,0.226796,0.228092,-0.19302,-0.131013,-0.204397,-0.950684
0.660945,0.225337,0.217727,-0.197467,-0.117445,-0.200225,-0.95243
0.6622,0.226205,0.209743,-0.197535,-0.117491,-0.200403,-0.952373
0.678818,0.225127,0.180691,-0.262579,-0.100206,-0.192229,-0.940244
0.690539,0.222912,0.16094,-0.262579,-0.100206,-0.192229,-0.940244
0.695888,0.223863,0.153342,-0.262579,-0.100206,-0.192229,-0.940244
0.719021,0.228046,0.170081,1,0,0,0
0.749604,0.235418,0.166365,1,0,0,0
0.759896,0.238383,0.15927,1,0,0,0
0.792707,0.251243,0.137931,1,0,0,0
0.798506,0.262948,0.134032,1,0,0,0
0.800868,0.268382,0.132376,1,0,0,0
0.805156,0.269989,0.127446,1,0,0,0
0.805365,0.270749,0.126042,1,0,0,0
0.793792,0.274795,0.126054,1,0,0,0
0.788182,0.276637,0.126145,1,0,0,0
0.775347,0.278192,0.130406,1,0,0,0
0.774052,0.276547,0.130403,1,0,0,0
0.770614,0.275144,0.130751,1,0,0,0
0.769371,0.274815,0.130937,1,0,0,0
0.769178,0.273268,0.130251,1,0,0,0
0.76916,0.270494,0.127832,1,0,0,0
0.768777,0.2715,0.126878,1,0,0,0
0.771138,0.270655,0.123843,1,0,0,0
0.771162,0.27064,0.123857,1,0,0,0
0.78094,0.279829,0.112374,1,0,0,0
0.76958,0.279537,0.119909,1,0,0,0
0.769326,0.279578,0.120162,1,0,0,0
0.764189,0.279116,0.124825,1,0,0,0
0.796083,0.266993,0.115233,1,0,0,0
0.811251,0.261194,0.110629,1,0,0,0
0.750794,0.309411,0.0969628,0.930964,0.215555,0.121863,0.268313
0.737173,0.329344,0.0831071,0.930964,0.215555,0.121863,0.268313
0.748622,0.317997,0.11993,1,0,0,0
0.752732,0.317962,0.136947,1,0,0,0
0.751997,0.320563,0.136157,1,0,0,0
0.747498,0.331431,0.139474,1,0,0,0
0.739154,0.344884,0.145027,1,0,0,0
0.73931,0.342899,0.149989,1,0,0,0
0.734691,0.342819,0.147821,1,0,0,0
0.73259,0.340565,0.148033,1,0,0,0
0.727519,0.323135,0.140314,1,0,0,0
0.727644,0.323182,0.140275,1,0,0,0
0.723772,0.320457,0.138424,1,0,0,0
0.722379,0.319392,0.138021,1,0,0,0
0.708676,0.352086,0.0768164,0.993718,0.0814962,-0.0250558,0.0724872
0.709082,0.352013,0.0784058,0.993718,0.0814962,-0.0250557,0.0724872
0.715602,0.360019,0.0923463,0.990407,0.120255,0.0543881,-0.0409344
0.721195,0.36309,0.112151,0.987462,0.125322,0.0940337,-0.019273
0.733692,0.347925,0.13579,0.974949,0.065862,0.211894,0.01544
0.735129,0.347367,0.137883,0.974949,0.065862,0.211894,0.01544
0.759779,0.32717,0.162235,0.923815,-0.0972175,0.369399,0.0256695
0.773006,0.312734,0.156378,0.90808,-0.150543,0.390093,0.0235548
0.775031,0.312081,0.159549,0.90808,-0.150543,0.390093,0.0235548
0.774771,0.314938,0.168341,0.918435,-0.191968,0.345634,0.0127653
0.777459,0.310242,0.164256,0.918435,-0.191968,0.345634,0.0127653
0.792312,0.3161,0.150151,0.88253,-0.230173,0.409277,-0.0255598
0.802325,0.320686,0.145171,0.886669,-0.212259,0.409922,-0.0269922
0.802107,0.327321,0.158436,0.886745,-0.177833,0.425831,0.0269718
0.80213,0.330206,0.169465,0.878254,-0.152932,0.448946,0.0610612
0.807831,0.328515,0.182665,0.846322,-0.0600648,0.495356,0.186423
0.819285,0.314821,0.198309,0.762947,0.0931818,0.4748,0.428712
0.820377,0.312987,0.203327,0.762947,0.0931818,0.4748,0.428712
0.822324,0.320566,0.222034,0.696216,0.107165,0.428791,0.56563
0.824605,0.320491,0.225488,0.696216,0.107165,0.428791,0.56563
0.824627,0.312247,0.231988,-0.612979,-0.0787501,-0.420326,-0.664365
0.822805,0.310975,0.232394,-0.613736,-0.0627031,-0.431948,-0.657889
0.81753,0.311945,0.234298,-0.618194,-0.0465433,-0.457608,-0.637389
0.813529,0.313738,0.233608,-0.623339,-0.0348113,-0.473225,-0.621527
0.812003,0.314925,0.234575,-0.623339,-0.0348113,-0.473225,-0.621527
0.811989,0.316874,0.234897,-0.584751,-0.0518913,-0.459935,-0.666208
0.812419,0.320153,0.236899,-0.587305,-0.0662733,-0.438251,-0.677213
0.81246,0.320864,0.237005,-0.587305,-0.0662733,-0.438251,-0.677213
0.813363,0.323663,0.239027,-0.614673,-0.0563337,-0.43667,-0.654464
0.813378,0.324811,0.23993,-0.614673,-0.0563337,-0.43667,-0.654464
0.813776,0.326988,0.24187,-0.596355,-0.0400413,-0.437072,-0.672105
0.81361,0.327174,0.241977,-0.596355,-0.0400413,-0.437072,-0.672105
0.81291,0.333519,0.248603,-0.596355,-0.0400413,-0.437072,-0.672105
0.808098,0.331568,0.23567,-0.577683,0.0261858,-0.474556,-0.663621
0.806149,0.326468,0.223465,-0.568449,0.0329274,-0.477449,-0.669196
0.805063,0.32574,0.220716,-0.575074,0.0296098,-0.473117,-0.666763
0.80352,0.325156,0.217467,-0.580545,0.0246274,-0.47208,-0.662949
0.803441,0.324499,0.216591,-0.580545,0.0246274,-0.47208,-0.662949
0.802239,0.323262,0.217049,-0.578162,0.0219406,-0.471725,-0.665374
0.800516,0.321459,0.217422,-0.575332,0.0255339,-0.475406,-0.665079
0.79872,0.32124,0.217236,-0.579438,0.0342539,-0.477298,-0.659746
0.798662,0.321447,0.218103,-0.587404,0.0307142,-0.474133,-0.655142
0.796124,0.321142,0.219864,-0.613687,0.00160744,-0.463572,-0.63913
0.796259,0.321366,0.220139,-0.613687,0.00160744,-0.463572,-0.63913
0.785331,0.330591,0.22157,0.711044,-0.10997,0.529377,0.449536
0.777997,0.337062,0.223098,0.707359,-0.140634,0.548261,0.423408
0.772096,0.345388,0.233965,0.706424,-0.171919,0.567057,0.387111
0.769654,0.348269,0.238693,0.713481,-0.189338,0.576166,0.350897
0.767524,0.343879,0.233496,0.717817,-0.19174,0.577892,0.337661
0.76727,0.344195,0.234017,0.717817,-0.19174,0.577892,0.337661
0.764721,0.342244,0.234509,0.770428,-0.104707,0.525389,0.345606
0.765917,0.335319,0.23266,0.770458,-0.0615626,0.487435,0.406217
0.770478,0.327235,0.236676,0.695979,-0.0245744,0.458054,0.552445
0.769595,0.321632,0.239368,-0.660042,0.0128837,-0.435632,-0.611884
0.77105,0.313219,0.244447,-0.629527,0.0266075,-0.411188,-0.65872
0.771219,0.3123,0.245592,-0.629527,0.0266074,-0.411188,-0.65872
0.768838,0.309833,0.251273,0.676571,-0.0474134,0.386426,0.625043
0.766294,0.31278,0.257497,0.786578,-0.0856256,0.31752,0.522632
0.763748,0.312527,0.263244,0.8265,-0.102766,0.283496,0.47536
0.753003,0.300931,0.291828,0.955801,-0.121085,0.141627,0.227429
0.738733,0.296799,0.307437,0.970925,-0.134292,0.103396,0.169057
0.737981,0.297025,0.310346,0.970925,-0.134292,0.103396,0.169057
0.705191,0.287335,0.306268,0.963094,-0.163045,0.158165,0.144398
0.692469,0.298563,0.291078,0.962503,-0.160773,0.162413,0.146158
0.666203,0.295684,0.268832,0.969877,-0.145857,0.182771,0.0682577
0.65576,0.29859,0.258436,0.972751,-0.136233,0.185205,0.029925
0.623198,0.327689,0.25477,0.979588,-0.12555,0.143478,0.0637034
0.609512,0.339444,0.254914,0.967765,-0.169752,0.124766,0.138016
0.595365,0.352565,0.252618,0.931348,-0.180702,0.125473,0.290162
0.589966,0.356254,0.252972,0.924494,-0.17868,0.109887,0.31829
0.586448,0.358383,0.250396,0.93474,-0.143918,0.0632956,0.318658
0.581011,0.365348,0.249005,0.972447,-0.133174,0.012293,0.190945
0.572374,0.372806,0.258179,0.971882,-0.128284,0.0084129,0.197274
0.572968,0.366894,0.265132,0.971888,-0.131075,0.0247193,0.194014
0.571695,0.36699,0.266937,0.970069,-0.130176,0.0320018,0.202474
0.571834,0.366917,0.266882,0.970069,-0.130176,0.0320018,0.202474
0.572319,0.365381,0.267013,0.966969,-0.134385,0.0542232,0.209693
0.573252,0.363719,0.267308,0.959305,-0.133369,0.0626186,0.240886
0.574087,0.359713,0.269664,0.960674,-0.134205,0.064774,0.234304
0.575895,0.35751,0.271453,0.961984,-0.13483,0.0649522,0.22845
0.579626,0.359714,0.263638,0.96235,-0.137469,0.0713813,0.22336
0.580477,0.358906,0.260565,0.95699,-0.137806,0.0750059,0.244037
0.581067,0.357695,0.262487,0.950405,-0.137917,0.0685414,0.270205
0.580671,0.357342,0.262659,0.9488,-0.139769,0.0710929,0.274207
0.579687,0.355896,0.262685,0.957737,-0.141235,0.0757141,0.238873
0.579953,0.35568,0.262947,0.96144,-0.143555,0.0713813,0.223451
0.581679,0.359201,0.26211,0.962173,-0.144379,0.0753423,0.218407
0.583485,0.362421,0.261275,0.960299,-0.146659,0.0751082,0.225114
0.583911,0.362668,0.261393,0.959067,-0.145297,0.0740941,0.231495
0.584966,0.362916,0.262106,0.960698,-0.13929,0.0730309,0.228744
0.584446,0.360986,0.262939,0.955298,-0.138439,0.0767387,0.249704
0.583817,0.35881,0.263612,0.951405,-0.13766,0.0778491,0.264231
0.583387,0.357631,0.263371,0.941089,-0.139986,0.081119,0.296943
0.583222,0.358982,0.263875,0.946884,-0.132863,0.0689153,0.284621
0.582879,0.357914,0.26437,0.946884,-0.132863,0.0689153,0.284621
0.582642,0.356885,0.263724,0.959736,-0.1332,0.0748509,0.235718
0.582191,0.356404,0.263233,0.965856,-0.128096,0.0719295,0.213401
0.581686,0.355623,0.263328,0.957094,-0.135944,0.0639418,0.247794
0.582946,0.355415,0.261148,0.943993,-0.146062,0.0881049,0.282454
0.583297,0.354223,0.260391,0.943993,-0.146062,0.088105,0.282454
0.584167,0.353404,0.258102,0.945589,-0.145943,0.0874732,0.277326
0.584664,0.352764,0.257866,0.963559,-0.149857,0.0623146,0.212634
0.584488,0.352334,0.257543,0.977458,-0.148453,0.0496568,0.141675
0.584696,0.3522,0.257097,0.975357,-0.141157,0.0538679,0.160787
0.585158,0.351891,0.25613,0.971422,-0.124899,0.0641402,0.191377
0.585276,0.351087,0.255772,0.974864,-0.119816,0.0656903,0.17598
0.582072,0.350318,0.258708,0.976641,-0.131193,0.0654695,0.157082
0.580078,0.34881,0.260255,0.977255,-0.121759,0.061379,0.162419
0.580655,0.349403,0.259974,0.977255,-0.121759,0.061379,0.162419
0.579528,0.347518,0.259876,0.970084,-0.124618,0.0739687,0.19477
0.577891,0.34696,0.26156,0.953747,-0.143915,0.077526,0.252278
0.578019,0.347304,0.26092,0.940454,-0.159961,0.080719,0.288864
0.58049,0.342605,0.262032,0.99494,-0.0582763,0.0259756,-0.077614
0.579605,0.34131,0.261995,0.99494,-0.0582763,0.0259756,-0.077614
0.580016,0.342807,0.259019,0.99494,-0.0582763,0.0259756,-0.077614
0.57939,0.342709,0.259013,0.99494,-0.0582763,0.0259756,-0.077614
0.578267,0.343865,0.258073,0.990741,-0.0754245,0.0710615,0.0877092
0.577193,0.345448,0.256793,0.990123,-0.123355,0.0258519,-0.0614111
0.581131,0.348299,0.253991,0.992362,-0.0814499,0.0383714,-0.0843348
0.581916,0.34968,0.253359,0.992362,-0.0814499,0.0383714,-0.0843348
0.582809,0.353003,0.252921,0.974022,-0.126736,0.0624359,0.176978
0.582832,0.351887,0.252932,0.974022,-0.126736,0.0624359,0.176978
0.585531,0.350605,0.255506,0.995441,-0.0655685,0.0321116,-0.0613752
0.58587,0.351426,0.254128,0.994754,-0.0763795,0.0474219,-0.0487968
0.584204,0.354104,0.253917,0.984529,-0.11678,0.0418272,0.123758
0.58496,0.357949,0.252275,0.93791,-0.198618,0.0841017,0.271666
0.585205,0.359999,0.250858,0.873769,-0.174857,0.132865,0.433936
0.586601,0.359874,0.249582,0.875871,-0.13419,0.0964323,0.45337
0.586666,0.3556,0.25082,0.923886,-0.119689,0.0862678,0.353082
0.587296,0.353745,0.25111,0.982168,-0.075192,0.0705601,0.157206
0.58717,0.353248,0.251917,0.982168,-0.075192,0.0705601,0.157206
0.587951,0.349832,0.25099,0.998147,-0.0421324,0.0408785,0.0160134
0.587284,0.350538,0.249401,0.992657,-0.0698403,0.0608361,0.0777999
0.587569,0.350307,0.248916,0.992657,-0.0698403,0.0608361,0.0777999
0.587556,0.349886,0.247,0.995524,-0.0592165,0.0534597,0.0506775
0.587249,0.349189,0.247451,0.995839,-0.0513379,0.043553,0.0614255
0.586569,0.351217,0.246756,0.973914,-0.136627,0.0631932,0.169797
0.585745,0.353528,0.246201,0.944684,-0.170386,0.0791618,0.268838
0.584781,0.354166,0.246394,0.948326,-0.175868,0.0805768,0.251507
0.584734,0.347587,0.249455,0.996953,-0.060746,0.0438198,-0.0217921
0.582842,0.34754,0.253311,0.998428,-0.0409407,0.0378477,0.00583161
0.580148,0.347737,0.251183,0.996853,-0.0616473,0.0456321,0.0200337
0.578453,0.349702,0.254394,0.994304,-0.0919173,0.0301063,-0.0447827
0.578935,0.350867,0.256089,0.998469,-0.0466669,0.0102101,0.0278852
0.576119,0.359753,0.256183,0.981783,-0.0983819,0.0231777,0.16089
0.568628,0.366316,0.254687,0.940609,-0.157898,0.0534189,0.295753
0.574796,0.378051,0.252543,0.940609,-0.157898,0.0534189,0.295753
0.57488,0.377974,0.252533,0.940609,-0.157898,0.0534189,0.295753
0.562419,0.373602,0.261132,0.96097,-0.131794,0.0425592,0.239493
0.560471,0.372514,0.26589,0.954493,-0.144863,0.0443108,0.256893
0.558147,0.373193,0.271491,0.929771,-0.170605,0.0838541,0.315259
0.558235,0.375633,0.277453,0.954292,-0.183496,0.0592381,0.228359
0.560468,0.378745,0.28028,0.954347,-0.187522,0.0615447,0.224209
0.562542,0.382782,0.27896,0.954347,-0.187522,0.0615447,0.224209
0.563417,0.383967,0.280511,0.948429,-0.190111,0.069437,0.243966
0.565717,0.388578,0.284905,0.931384,-0.201236,0.104089,0.284945
0.567599,0.390719,0.288555,0.916839,-0.210001,0.118948,0.318052
0.570615,0.392889,0.292724,0.922097,-0.213315,0.117407,0.300749
0.571569,0.393792,0.294007,0.922097,-0.213315,0.117407,0.300749
0.573996,0.393866,0.294578,0.92553,-0.226538,0.105353,0.284562
0.575785,0.395707,0.294568,0.921178,-0.231751,0.103839,0.294855
0.578366,0.396643,0.293128,0.922039,-0.235106,0.11433,0.285477
0.617852,0.403766,0.317138,1,0,0,0
0.636122,0.405858,0.32891,1,0,0,0
0.63245,0.394006,0.330157,1,0,0,0
0.631576,0.392107,0.328903,1,0,0,0
0.576105,0.394947,0.291624,0.922039,-0.235106,0.11433,0.285477
0.579886,0.395359,0.290465,0.922039,-0.235106,0.11433,0.285477
0.580949,0.395874,0.290633,0.922039,-0.235106,0.11433,0.285477
0.823817,0.405407,0.202891,1,0,0,0
0.966338,0.400715,0.201231,1,0,0,0
0.991998,0.394058,0.210616,1,0,0,0
0.99139,0.392669,0.21525,1,0,0,0
0.990795,0.391693,0.214264,1,0,0,0
0.657648,0.389794,0.268998,0.922039,-0.235106,0.11433,0.285477
0.659365,0.38732,0.270371,0.922039,-0.235106,0.11433,0.285477
0.717135,0.351572,0.269363,0.830404,-0.058517,0.195701,0.518369
0.717794,0.348266,0.267385,0.810331,-0.0536169,0.189941,0.551735
0.717598,0.343135,0.261046,0.800299,-0.0658882,0.191085,0.564506
0.717891,0.341974,0.254152,0.802538,-0.099482,0.21505,0.547531
0.707219,0.336052,0.246342,0.829406,-0.115953,0.237455,0.492194
0.705411,0.338348,0.244345,0.92867,-0.10607,0.193077,0.298399
0.704411,0.342792,0.243793,0.948495,-0.117854,0.165221,0.243248
0.701686,0.343332,0.243913,0.967441,-0.133407,0.167519,0.1349
0.695642,0.351784,0.255331,0.967441,-0.133407,0.167519,0.1349
0.69121,0.351461,0.257315,0.978402,-0.141814,0.148778,-0.0219797
0.668993,0.358578,0.240473,0.982764,-0.115688,0.143994,0.00760564
0.669549,0.358533,0.2411,0.983317,-0.112992,0.142538,0.00167581
0.624087,0.358173,0.260527,0.981674,-0.128616,0.139808,-0.0150934
0.603353,0.357378,0.268716,0.981674,-0.128616,0.139808,-0.0150934
0.583923,0.345096,0.296324,0.97278,-0.166035,0.15235,-0.0540465
0.58435,0.34506,0.296235,0.97278,-0.166035,0.15235,-0.0540465
0.581476,0.342732,0.300373,0.964053,-0.192373,0.170859,-0.0663434
0.57893,0.342979,0.299024,0.964167,-0.19836,0.164739,-0.0624182
0.578042,0.342701,0.296797,0.964018,-0.196208,0.167534,-0.0640609
0.577537,0.344469,0.296342,0.964018,-0.196208,0.167534,-0.0640609
0.579217,0.345112,0.296767,0.967009,-0.187653,0.160352,-0.0629858
0.579345,0.344805,0.296755,0.967009,-0.187653,0.160352,-0.0629858
0.579756,0.344876,0.29694,0.966545,-0.186427,0.166049,-0.0588564
0.579778,0.344246,0.297884,0.963718,-0.182881,0.184873,-0.0602051
0.579123,0.34583,0.297906,0.963116,-0.182533,0.187622,-0.0623445
0.579176,0.347268,0.298238,0.963264,-0.182394,0.187118,-0.0619781
0.578896,0.348387,0.299477,0.963104,-0.184116,0.18705,-0.0595318
0.578793,0.34904,0.29976,0.963104,-0.184116,0.18705,-0.0595318
0.57881,0.352256,0.300545,0.963036,-0.182879,0.184391,-0.0715335
0.578395,0.353077,0.300459,0.962893,-0.182301,0.186022,-0.0707131
0.578468,0.354511,0.300494,0.962893,-0.182301,0.186022,-0.0707131
0.578814,0.354555,0.300081,0.962893,-0.182301,0.186022,-0.0707131
0.588732,0.363051,0.302319,0.961141,-0.195633,0.177443,-0.080319
0.588737,0.363333,0.302168,0.961141,-0.195633,0.177443,-0.080319
0.58931,0.365311,0.302608,0.961141,-0.195633,0.177443,-0.080319
0.589124,0.365616,0.302065,0.960123,-0.200193,0.170687,-0.0946165
0.652101,0.39186,0.366882,1,0,0,0
0.652803,0.390898,0.368258,1,0,0,0
0.65035,0.388169,0.370567,1,0,0,0
0.60788,0.371695,0.324275,0.960123,-0.200193,0.170687,-0.0946165
0.587806,0.364025,0.30172,0.960123,-0.200193,0.170687,-0.0946165
0.588304,0.363967,0.302032,0.960123,-0.200193,0.170687,-0.0946165
0.592134,0.362623,0.29566,0.964105,-0.18818,0.169848,-0.0789968
0.591845,0.365027,0.295724,0.960924,-0.197025,0.174401,-0.085973
0.589487,0.355176,0.292948,0.965477,-0.184675,0.17762,-0.0469127
0.591424,0.356858,0.294488,0.965477,-0.184675,0.17762,-0.0469127
0.592606,0.358172,0.29527,0.967157,-0.17442,0.182269,-0.0310513
0.592829,0.36138,0.295148,0.959071,-0.202415,0.172288,-0.097615
0.591817,0.36169,0.295002,0.962941,-0.198682,0.165703,-0.0762427
0.591534,0.362577,0.294959,0.968414,-0.185135,0.166676,-0.0108707
0.593071,0.363904,0.292997,0.968167,-0.182632,0.170584,-0.0141448
0.594601,0.365021,0.291291,0.966675,-0.188377,0.169859,-0.0346737
0.594951,0.364599,0.290094,0.965128,-0.194277,0.167353,-0.0526969
0.594746,0.364504,0.290437,0.964424,-0.201423,0.16346,-0.050946
0.594402,0.364238,0.290617,0.964424,-0.201423,0.16346,-0.050946
0.594351,0.364023,0.290613,0.964553,-0.200843,0.163168,-0.0517307
0.591954,0.363735,0.289897,0.965798,-0.197328,0.159298,-0.0540306
0.591159,0.363265,0.289479,0.965798,-0.197328,0.159298,-0.0540306
0.590979,0.363934,0.288482,0.967288,-0.186011,0.166386,-0.0455065
0.590871,0.363136,0.287518,0.967288,-0.186011,0.166386,-0.0455065
0.593341,0.364051,0.286828,0.964831,-0.19595,0.162497,-0.0655651
0.594118,0.363979,0.286563,0.965141,-0.193447,0.164182,-0.0642369
0.594335,0.364556,0.286099,0.967602,-0.176701,0.180065,-0.00995182
0.594032,0.364093,0.286433,0.968009,-0.17664,0.177483,-0.0160255
0.593179,0.363215,0.287765,0.965738,-0.188736,0.173191,-0.0416297
0.593415,0.362966,0.287442,0.965738,-0.188736,0.173191,-0.0416297
0.591483,0.362343,0.286417,0.965738,-0.188736,0.173191,-0.0416297
0.592525,0.36316,0.285609,0.965458,-0.19065,0.170759,-0.0488381
0.591901,0.364311,0.286235,0.965909,-0.196733,0.152787,-0.0705167
0.591693,0.364672,0.286521,0.965909,-0.196733,0.152787,-0.0705167
0.590802,0.365438,0.285947,0.965256,-0.191913,0.170234,-0.0497141
0.590691,0.365526,0.285745,0.965256,-0.191913,0.170234,-0.0497141
0.5907,0.365257,0.285414,0.965256,-0.191913,0.170234,-0.0497141
0.591132,0.366631,0.286656,0.964067,-0.187308,0.181486,-0.0505321
0.587794,0.3646,0.285607,0.962738,-0.192414,0.184576,-0.0452081
0.588375,0.365024,0.285906,0.963877,-0.190498,0.179195,-0.0504062
0.588027,0.365186,0.285889,0.963273,-0.191285,0.179484,-0.0574445
0.588038,0.365187,0.28589,0.963273,-0.191285,0.179484,-0.0574445
0.587427,0.365604,0.285733,0.964245,-0.193485,0.172239,-0.0559417
0.587141,0.366061,0.28574,0.963819,-0.194011,0.174474,-0.0545139
0.589335,0.364896,0.284311,0.963559,-0.195966,0.177978,-0.038408
0.589427,0.365378,0.283295,0.961603,-0.199844,0.181659,-0.0488116
0.589384,0.366088,0.282283,0.961603,-0.199844,0.181659,-0.0488116
0.589536,0.366756,0.28182,0.961598,-0.201453,0.179449,-0.0504472
0.589433,0.366943,0.28162,0.961598,-0.201453,0.179449,-0.0504472
0.582639,0.368187,0.28201,0.963261,-0.199556,0.175093,-0.0405915
0.578322,0.36947,0.282636,0.963322,-0.196829,0.176461,-0.0461554
0.578299,0.370314,0.283145,0.964422,-0.193869,0.176793,-0.0324059
0.571558,0.366552,0.285211,0.964929,-0.196776,0.171627,-0.0271227
0.571601,0.366767,0.285854,0.966038,-0.196117,0.164811,-0.0338379
0.571164,0.367182,0.284394,0.965825,-0.193837,0.167622,-0.0388998
0.571173,0.366597,0.284121,0.9658,-0.193472,0.168503,-0.0374864
0.573725,0.369646,0.280848,0.964493,-0.184814,0.181455,-0.0516824
0.573758,0.369667,0.28234,0.964489,-0.184691,0.181577,-0.0517773
0.575021,0.371294,0.283419,0.966032,-0.173936,0.191067,-0.00478925
0.575459,0.374678,0.284517,0.966032,-0.173936,0.191067,-0.00478925
0.577504,0.379828,0.284916,0.965841,-0.183601,0.179514,-0.0348648
0.578935,0.38578,0.283991,0.966848,-0.176108,0.180595,-0.0397086
0.577118,0.395904,0.28205,0.966184,-0.178627,0.178316,-0.0527719
0.576173,0.401776,0.280458,0.966466,-0.176321,0.179851,-0.050082
0.575834,0.402722,0.280108,0.966466,-0.176321,0.179851,-0.050082
0.574939,0.403761,0.278534,0.96675,-0.174602,0.179021,-0.0534732
0.571839,0.40315,0.276413,0.965819,-0.185522,0.162845,-0.0791035
0.568571,0.401213,0.273033,0.964703,-0.189337,0.161197,-0.0866855
0.564541,0.389042,0.272789,0.966354,-0.184816,0.166249,-0.0660659
0.562607,0.384811,0.275048,0.966354,-0.184816,0.166249,-0.0660659
0.560599,0.379052,0.277363,0.966157,-0.186429,0.166105,-0.0647562
0.559267,0.375306,0.277487,0.963759,-0.202729,0.153082,-0.0814638
0.556167,0.368986,0.273391,0.966334,-0.194352,0.156157,-0.0635681
0.556156,0.367172,0.271168,0.966225,-0.194721,0.155443,-0.0658115
0.556893,0.362183,0.265019,0.967609,-0.195049,0.154756,-0.0417179
0.557041,0.361196,0.263339,0.967609,-0.195049,0.154756,-0.0417179
0.557941,0.351838,0.261886,0.96637,-0.205777,0.153011,-0.0192879
0.557592,0.34927,0.260834,0.96626,-0.20646,0.153825,-0.00736029
0.557907,0.347588,0.261478,0.966141,-0.208983,0.150892,0.0113848
0.55663,0.348787,0.261335,0.963987,-0.216552,0.15388,0.0124233
0.555393,0.348413,0.262175,0.963987,-0.216552,0.15388,0.0124233
0.555432,0.351553,0.264936,0.96304,-0.217473,0.157973,0.0174667
0.556454,0.35561,0.264941,0.961335,-0.223219,0.161254,0.00259295
0.557375,0.358715,0.265359,0.958925,-0.240953,0.13692,-0.0604822
0.558841,0.364693,0.264174,0.960072,-0.233503,0.137964,-0.0685918
0.558675,0.368264,0.263744,0.949411,-0.25195,0.124464,-0.140177
0.558808,0.371136,0.263712,0.949411,-0.25195,0.124464,-0.140177
0.558711,0.374635,0.264516,0.956432,-0.234911,0.120872,-0.124274
0.559734,0.378114,0.265845,0.96263,-0.224474,0.124475,-0.0863832
0.560882,0.380937,0.267196,0.964687,-0.212075,0.127844,-0.0897774
0.56656,0.383515,0.267662,0.951581,-0.228473,0.120347,-0.166763
0.569877,0.384438,0.268863,0.958775,-0.21752,0.137661,-0.120356
0.572617,0.386166,0.26981,0.956804,-0.225094,0.13583,-0.124133
0.574146,0.385483,0.270598,0.956804,-0.225094,0.13583,-0.124133
0.585795,0.395861,0.269918,0.967637,-0.195226,0.159689,-0.00808016
0.58801,0.399657,0.269216,0.968178,-0.196619,0.154829,-0.000307834
0.588015,0.403722,0.267856,0.969979,-0.195796,0.143021,-0.0186759
0.586021,0.407966,0.26575,0.96439,-0.213077,0.12959,-0.0880728
0.585666,0.407885,0.266171,0.96501,-0.211601,0.12824,-0.0868031
0.588869,0.410794,0.2659,0.971589,-0.184966,0.147622,0.00305401
0.58938,0.410004,0.265158,0.970691,-0.184909,0.153424,0.00536413
0.588621,0.410352,0.263502,0.966724,-0.196288,0.161631,-0.0281318
0.585952,0.410524,0.262371,0.967504,-0.193627,0.16125,-0.0210385
0.582751,0.409446,0.263102,0.968645,-0.188373,0.161686,-0.0100449
0.580983,0.407568,0.265209,0.966631,-0.197295,0.158323,-0.0404112
0.579974,0.405346,0.266169,0.965688,-0.18477,0.164357,-0.0793336
0.581289,0.405956,0.266211,0.965688,-0.18477,0.164357,-0.0793336
0.576172,0.395043,0.271374,0.958187,-0.177148,0.11457,-0.193315
0.569963,0.38879,0.276117,0.967662,-0.164943,0.126965,-0.142493
0.565352,0.384847,0.277551,0.968134,-0.163779,0.125696,-0.141751
0.561869,0.382761,0.277722,0.968798,-0.164417,0.15315,-0.104605
0.558182,0.379644,0.279699,0.972738,-0.161219,0.16259,-0.036802
0.555169,0.376589,0.283745,0.971925,-0.161242,0.166848,-0.0390462
0.555303,0.37389,0.286059,0.970607,-0.161747,0.153481,-0.0905716
0.556615,0.370079,0.287045,0.967672,-0.15487,0.148954,-0.132055
0.556459,0.370111,0.287051,0.967672,-0.15487,0.148954,-0.132055
0.564792,0.362636,0.281207,0.97003,-0.154871,0.164207,-0.0899582
0.565526,0.362826,0.27987,0.970258,-0.15953,0.161321,-0.0844162
0.566091,0.360507,0.27893,0.970258,-0.15953,0.161321,-0.0844162
0.568252,0.361532,0.275576,0.969928,-0.162688,0.17255,-0.0547687
0.572995,0.362568,0.271375,0.97028,-0.161452,0.17073,-0.0578011
0.573724,0.364288,0.270359,0.970426,-0.160856,0.17187,-0.0534798
0.574265,0.365814,0.269734,0.970713,-0.156062,0.176694,-0.0462664
0.572663,0.36591,0.271591,0.970247,-0.154631,0.184099,-0.0285851
0.57293,0.367277,0.272694,0.970272,-0.156816,0.181276,-0.0334595
0.57279,0.367755,0.272819,0.970272,-0.156816,0.181276,-0.0334595
0.572516,0.368226,0.27393,0.970533,-0.143145,0.193384,-0.0133329
0.574415,0.36975,0.272808,0.970735,-0.146735,0.190024,-0.00570481
0.575246,0.371059,0.272659,0.970702,-0.150218,0.187143,-0.0122414
0.576574,0.371771,0.273233,0.971017,-0.150783,0.184929,-0.0138302
0.576703,0.372014,0.273341,0.970612,-0.15256,0.186008,-0.00617629
0.576073,0.37271,0.274,0.969621,-0.159058,0.18357,-0.0289304
0.576121,0.372301,0.274277,0.969621,-0.159058,0.18357,-0.0289304
0.57691,0.373188,0.274543,0.969724,-0.16201,0.173092,-0.0585474
0.578225,0.374434,0.27536,0.968212,-0.162681,0.175793,-0.0720922
0.57812,0.373952,0.275078,0.968212,-0.162681,0.175793,-0.0720922
0.576911,0.374274,0.276723,0.968822,-0.171379,0.170727,-0.053531
0.576548,0.373799,0.277109,0.968822,-0.171379,0.170727,-0.053531
0.575935,0.374894,0.277587,0.96835,-0.173519,0.172797,-0.0482813
0.57648,0.374852,0.277237,0.972767,-0.157919,0.169518,-0.00704365
0.575929,0.374161,0.277495,0.975902,-0.130777,0.163506,0.0614775
0.575976,0.374304,0.276877,0.983763,-0.123213,0.120646,0.0497302
0.576724,0.373679,0.275395,0.98896,-0.127837,0.0508807,-0.0550218
0.573215,0.372554,0.272452,0.978056,-0.17259,0.0272258,-0.11348
0.574576,0.375048,0.26956,0.978056,-0.17259,0.0272258,-0.11348
0.577498,0.379106,0.262575,0.979749,-0.17098,0.0877197,0.0562486
0.581588,0.383682,0.258278,0.967643,-0.168218,0.104887,0.156107
0.582364,0.382726,0.258684,0.968961,-0.131946,0.0817671,0.192402
0.585668,0.379847,0.259573,0.981986,-0.093838,0.0822916,0.141867
0.587809,0.3797,0.259898,0.989261,-0.0879462,0.0971802,0.0646904
0.587806,0.379717,0.259801,0.989261,-0.0879462,0.0971802,0.0646904
0.58909,0.380841,0.259088,0.989237,-0.0785069,0.123147,0.00909351
0.595607,0.381856,0.255664,0.989625,-0.0627594,0.125287,-0.0317354
0.612223,0.387862,0.247369,0.991433,-0.0538211,0.115986,-0.0266746
0.62791,0.391359,0.234838,0.993154,-0.051342,0.103449,-0.0175203
0.643754,0.396516,0.216853,0.99359,-0.0535372,0.0960669,-0.0261403
0.647213,0.399531,0.21209,0.99382,-0.0542432,0.0932529,-0.0261328
0.650528,0.403226,0.207387,0.99382,-0.0542432,0.0932529,-0.0261328
0.666509,0.404431,0.199412,0.995037,-0.048491,0.0854175,-0.0159337
0.675217,0.400393,0.197188,0.99573,-0.0382932,0.0832759,-0.0110104
0.681749,0.395069,0.195521,0.995942,-0.0303629,0.0842362,-0.00907635
0.685586,0.388941,0.195753,0.99653,-0.0179866,0.0794817,0.0169177
0.689139,0.378962,0.194783,0.997709,-0.00588619,0.0617298,0.0270374
0.693082,0.368107,0.192858,0.998473,-4.14217e-05,0.0538092,0.0124725
0.69779,0.359121,0.190731,0.998516,0.00158691,0.0523499,0.0149493
0.701323,0.33906,0.197267,0.998974,0.00324056,0.037961,0.0244738
0.701323,0.33906,0.197267,0.998974,0.00324056,0.037961,0.0244738
0.704298,0.324283,0.200835,0.999238,-0.00273362,0.0388705,0.00212726
0.714129,0.303169,0.211783,0.998976,-0.010749,0.043914,-0.00183287
0.721621,0.288368,0.216526,0.998835,-0.0108926,0.0468106,-0.00447816
0.722861,0.283835,0.219778,0.99845,-0.0100475,0.0534949,-0.0116582
0.735039,0.271726,0.225103,0.998047,-0.00886201,0.0548465,-0.0285565
0.737922,0.266221,0.22864,0.998047,-0.00886201,0.0548465,-0.0285565
0.74715,0.258811,0.233548,0.99761,-0.0102812,0.0565736,-0.0383224
0.750508,0.253827,0.232581,0.997265,-0.0079823,0.0613407,-0.0404447
0.755588,0.24864,0.233765,0.997537,-0.00553082,0.0658184,-0.0236075
0.760239,0.242318,0.23477,0.991012,0.00896073,0.0876962,0.100625
0.761029,0.229967,0.235175,0.981971,0.0152343,0.0799517,0.170615
0.757015,0.227087,0.237598,0.973618,0.0272005,0.0553045,0.219702
0.754514,0.216738,0.240267,0.966345,0.0362679,0.0496137,0.2498
0.750729,0.206546,0.244668,0.966345,0.0362679,0.0496137,0.2498
0.706809,0.173633,0.327417,0.846671,-0.0585717,0.195298,0.491504
0.689829,0.156603,0.365324,0.832863,-0.0788528,0.218262,0.502478
0.686164,0.152283,0.374055,0.832863,-0.0788528,0.218262,0.502478
0.66778,0.143395,0.411019,0.80975,-0.120904,0.262178,0.510832
0.642438,0.127197,0.450356,0.772143,-0.137613,0.281583,0.552783
0.634739,0.124545,0.460837,0.772143,-0.137613,0.281583,0.552783
0.628112,0.122197,0.473184,0.772143,-0.137613,0.281583,0.552783
0.621467,0.115386,0.483868,0.772143,-0.137613,0.281583,0.552783
0.607707,0.0936884,0.489696,0.812358,-0.0543222,0.332734,0.475828
0.601322,0.0907457,0.493383,0.812358,-0.0543222,0.332734,0.475828
0.589293,0.0688168,0.512548,0.799345,-0.0827735,0.327987,0.49661
0.590813,0.0748999,0.517687,0.826297,-0.0968925,0.28276,0.47738
0.592793,0.0796962,0.516408,0.831643,-0.0937789,0.257254,0.48311
0.595957,0.0883142,0.500238,0.834827,-0.0915288,0.223073,0.494899
0.596622,0.0941138,0.486171,0.835635,-0.0889315,0.214005,0.498004
0.596642,0.0951869,0.480407,0.835635,-0.0889315,0.214005,0.498004
0.596676,0.0951274,0.480541,0.835635,-0.0889315,0.214005,0.498004
0.596833,0.0957841,0.478297,0.835635,-0.0889315,0.214005,0.498004
0.596848,0.0957519,0.478394,0.835635,-0.0889315,0.214005,0.498004
0.596872,0.10987,0.444229,0.874671,-0.076469,0.178608,0.444074
0.603221,0.119659,0.42898,0.874671,-0.076469,0.178608,0.444074
0.637571,0.157274,0.35345,0.890385,-0.00958928,0.0989349,0.444224
0.744792,0.184445,0.235924,0.871464,0.0985302,-0.0511521,0.477729
0.746465,0.184549,0.234723,0.871464,0.0985302,-0.0511521,0.477729
0.781019,0.198215,0.21012,0.88896,0.129746,-0.090455,0.429806
0.808893,0.205741,0.199335,0.894589,0.166894,-0.0771326,0.407318
0.851533,0.223397,0.202659,0.904422,0.192342,-0.0320859,0.379468
0.869464,0.230159,0.204261,0.904422,0.192342,-0.0320861,0.379468
0.868261,0.219555,0.218135,0.902585,0.199436,0.0190926,0.381053
0.86975,0.218131,0.227675,0.908364,0.197001,0.0312737,0.367543
0.872258,0.215314,0.24518,0.891366,0.203544,0.0710635,0.39873
0.872512,0.214683,0.247269,0.882244,0.20944,0.0820139,0.413587
0.8756,0.228925,0.24081,0.883359,0.207922,0.0801155,0.412343
0.874866,0.228824,0.241136,0.887066,0.203246,0.080139,0.406673
0.880169,0.236975,0.239599,0.887066,0.203246,0.080139,0.406673
0.878429,0.233197,0.236057,0.90507,0.189353,0.0724763,0.37382
0.87804,0.231618,0.230715,0.91307,0.166576,0.0718682,0.365226
0.877364,0.230267,0.230631,0.91307,0.166576,0.0718682,0.365226
0.87723,0.229569,0.227857,0.90594,0.160409,0.0802982,0.383528
0.876795,0.229393,0.227794,0.90594,0.160409,0.0802982,0.383528
0.877871,0.226888,0.227491,0.909771,0.16947,0.0676546,0.372853
0.878831,0.226026,0.227522,0.920434,0.17458,0.0585094,0.344819
0.877035,0.226867,0.227097,0.925343,0.172266,0.0469789,0.334452
0.878215,0.227928,0.225896,0.914579,0.172284,0.0523353,0.362112
0.878496,0.228677,0.223996,0.90536,0.176307,0.0509651,0.382938
0.878343,0.228375,0.223354,0.905954,0.174709,0.0519928,0.382127
0.881313,0.226812,0.221939,0.909341,0.169471,0.051427,0.376477
0.881947,0.225343,0.221578,0.909619,0.160894,0.0583237,0.378555
0.883178,0.222816,0.22124,0.910067,0.160948,0.0575207,0.377578
0.883754,0.221559,0.221375,0.925301,0.146358,0.0527731,0.345851
0.883392,0.220239,0.221509,0.924654,0.149023,0.0503187,0.346806
0.882666,0.21974,0.223923,0.921947,0.146087,0.0512736,0.355027
0.882313,0.219124,0.224555,0.921947,0.146087,0.0512736,0.355027
0.878437,0.217652,0.228686,0.934144,0.118275,0.0468199,0.333458
0.873913,0.214895,0.232012,0.935881,0.11827,0.0461822,0.328643
0.873327,0.214792,0.234747,0.932461,0.122044,0.049368,0.33643
0.873011,0.214541,0.23601,0.930673,0.110073,0.0754676,0.340642
0.874303,0.223142,0.234435,0.931013,0.10723,0.0773398,0.340198
0.875272,0.227051,0.233559,0.931013,0.10723,0.0773398,0.340198
0.874907,0.224943,0.236211,0.931013,0.10723,0.0773398,0.340198
0.879217,0.219705,0.232079,0.916996,0.141168,0.0537174,0.369194
0.87863,0.215415,0.232806,0.909728,0.147078,0.0203533,0.387749
0.876449,0.211411,0.230008,0.927963,0.145366,-0.0315643,0.341698
0.872989,0.210041,0.228652,0.950438,0.111327,-0.0823947,0.278363
0.87102,0.209017,0.227289,0.950438,0.111327,-0.0823947,0.278363
0.847656,0.207021,0.226893,0.981202,-0.0275492,-0.120725,0.148015
0.845026,0.204098,0.227168,0.981202,-0.0275492,-0.120725,0.148015
0.816151,0.207604,0.231402,0.969406,-0.0333005,-0.0957028,0.223569
0.800095,0.207166,0.232611,0.961234,-0.0319837,-0.0705629,0.264628
0.791574,0.206518,0.234282,0.961234,-0.0319837,-0.0705629,0.264628
0.782769,0.207704,0.23935,0.954532,-0.0367228,-0.0355806,0.293692
0.775342,0.207799,0.243953,0.967108,-0.0607298,-0.00773927,0.24689
0.763874,0.205859,0.248932,0.97904,-0.0653741,-0.0037318,0.192854
0.758112,0.20428,0.251542,0.981648,-0.0675112,-0.00294824,0.178325
0.746219,0.206875,0.251801,0.98351,-0.0752787,5.0946e-06,0.164444
0.739848,0.215063,0.252404,0.983546,-0.077284,0.00141822,0.163288
0.727673,0.230976,0.253335,0.982093,-0.0774968,0.00927961,0.171468
0.724019,0.237631,0.25546,0.976802,-0.0585879,0.0263837,0.204278
0.70233,0.265883,0.265648,0.978922,-0.02548,0.0667807,0.191319
0.681055,0.281962,0.274013,0.984386,-0.0184095,0.096298,0.146191
0.662023,0.294799,0.283958,0.991279,0.00364202,0.103769,0.081148
0.646927,0.31063,0.29623,0.993123,0.00403424,0.11384,0.0270238
0.63428,0.324376,0.305558,0.991588,0.0118455,0.128471,0.0104467
0.62558,0.324962,0.307719,0.991404,0.0154162,0.129923,-0.000678706
0.619066,0.338367,0.315341,0.991061,0.0410624,0.126834,-0.00500901
0.611806,0.34513,0.321082,0.991061,0.0410624,0.126834,-0.00500901
0.610433,0.348996,0.319326,0.991601,0.0442967,0.121161,0.00925523
0.61089,0.349512,0.316502,0.989673,0.0453476,0.131952,0.0328571
0.610138,0.348388,0.315209,0.988906,0.0378627,0.130479,0.0600596
0.610347,0.348367,0.314835,0.988906,0.0378627,0.130479,0.0600597
0.61337,0.350732,0.311282,0.988649,0.0352086,0.1323,0.0618914
0.61633,0.353774,0.309909,0.988649,0.0352086,0.1323,0.0618914
0.620884,0.354709,0.303158,0.985451,0.0289672,0.142384,0.0881731
0.624541,0.359158,0.301584,0.985845,0.0272143,0.141342,0.0859722
0.626821,0.360243,0.300806,0.986208,0.0191073,0.152547,0.0612963
0.627084,0.360135,0.300522,0.986208,0.0191073,0.152547,0.0612963
0.629556,0.359825,0.301817,0.987267,0.0185695,0.147747,0.0559453
0.630087,0.360787,0.304449,0.986519,0.019409,0.152474,0.0561819
0.629216,0.361048,0.305682,0.98735,0.0190119,0.149668,0.0487686
0.628408,0.363326,0.307955,0.987846,0.0145361,0.148226,0.044486
0.625823,0.365495,0.310007,0.98674,0.0112947,0.151891,0.0560859
0.625536,0.365655,0.309832,0.98674,0.0112947,0.151891,0.0560859
0.621406,0.367412,0.311077,0.98611,0.0121711,0.154451,0.0598618
0.620868,0.367838,0.310886,0.98611,0.0121711,0.154451,0.0598618
0.622473,0.369378,0.309074,0.985826,0.0143088,0.157498,0.0560111
0.624566,0.369042,0.308664,0.985701,0.0173166,0.157119,0.0583766
0.62479,0.367224,0.308656,0.985402,0.0200354,0.159542,0.0559219
0.624754,0.366838,0.308602,0.985356,0.0187162,0.160815,0.0535007
0.624845,0.366804,0.308169,0.984263,0.017925,0.167868,0.0522065
0.62465,0.366641,0.308148,0.984857,0.0183039,0.165633,0.0478216
0.62369,0.366368,0.30836,0.985405,0.0161245,0.163297,0.0452917
0.623566,0.366683,0.30777,0.985222,0.0088303,0.160802,0.0583256
0.622916,0.366682,0.307269,0.985761,0.00939091,0.157848,0.0571908
0.621585,0.366378,0.306781,0.98667,0.0076842,0.152362,0.0566545
0.621493,0.366645,0.305851,0.987968,0.000712866,0.147402,0.0468099
0.619442,0.365173,0.304552,0.987784,0.00157624,0.148025,0.0486764
0.619153,0.364558,0.302,0.987626,0.0050973,0.146581,0.0555204
0.633902,0.33486,0.269362,0.984693,0.0126851,0.144191,0.0970954
0.634892,0.312478,0.259272,0.985025,0.0145651,0.125793,0.117001
0.635331,0.311713,0.258627,0.985025,0.0145651,0.125793,0.117001
0.652016,0.299346,0.313928,1,0,0,0
0.670155,0.278942,0.324726,1,0,0,0
0.639076,0.284764,0.237465,0.985244,0.0215138,0.0988991,0.13802
0.640489,0.28422,0.232467,0.985244,0.0215138,0.0988991,0.13802
0.644812,0.27877,0.220663,0.985244,0.0215138,0.0988991,0.13802
0.644971,0.264075,0.207611,0.985244,0.0215138,0.0988991,0.13802
0.776942,0.105027,0.0833469,1,0,0,0
0.675849,0.228313,0.171042,0.985244,0.0215138,0.0988991,0.13802
0.66701,0.230544,0.171969,0.985244,0.0215138,0.0988991,0.13802
0.663349,0.23105,0.172058,0.985244,0.0215138,0.0988991,0.13802
0.661862,0.231572,0.171128,0.985244,0.0215138,0.0988991,0.13802
0.682832,0.212273,0.118904,0.983508,-0.0814753,-0.0150557,0.16077
0.663075,0.250685,0.161165,0.974307,-0.100958,0.0183346,0.200492
0.65517,0.261785,0.181292,0.977546,-0.109674,0.0345518,0.176583
0.6493,0.28668,0.209723,0.990118,-0.0945655,0.0666941,0.0792183
0.634484,0.313306,0.256024,0.993017,-0.084643,0.07846,0.0244178
0.628226,0.329291,0.289017,0.990233,-0.0794055,0.108215,-0.0377111
0.618377,0.347886,0.310149,0.990233,-0.0794055,0.108215,-0.0377111
0.611703,0.357423,0.327743,0.986416,-0.0718818,0.124505,-0.079467
0.617793,0.363638,0.345568,0.980081,-0.0580215,0.166135,-0.0920561
0.619413,0.364068,0.35567,0.98045,-0.0479621,0.175328,-0.0753531
0.622424,0.363173,0.354181,0.981463,-0.038051,0.170344,-0.0791498
0.622525,0.36354,0.354406,0.983909,-0.0320454,0.158754,-0.075455
0.622953,0.360416,0.35616,0.985061,-0.0314267,0.15539,-0.0672385
0.625326,0.361233,0.355913,0.985489,-0.0340243,0.15839,-0.0506614
0.626066,0.361215,0.355251,0.985336,-0.0339793,0.158263,-0.0539494
0.626718,0.362016,0.354547,0.98576,-0.0326822,0.155504,-0.0550212
0.626618,0.361773,0.352735,0.986003,-0.0360618,0.151097,-0.0605666
0.625941,0.362135,0.351597,0.985608,-0.0368437,0.153112,-0.0614546
0.625673,0.362453,0.350823,0.985608,-0.0368437,0.153112,-0.0614546
0.625588,0.360277,0.348497,0.985292,-0.0220969,0.153653,-0.0714237
0.627345,0.361339,0.34902,0.985493,-0.0231683,0.154784,-0.0656421
0.629016,0.362239,0.349068,0.984215,-0.0190668,0.160468,-0.0721619
0.629331,0.36202,0.348739,0.984215,-0.0190668,0.160468,-0.0721619
0.629244,0.361677,0.348587,0.983712,-0.0170957,0.160802,-0.0784953
0.629211,0.36174,0.348553,0.984175,-0.0197362,0.161742,-0.0696374
0.628521,0.36169,0.348583,0.984741,-0.0205653,0.160017,-0.0652518
0.627838,0.359589,0.349439,0.98507,-0.0202541,0.156197,-0.0694928
0.627539,0.358312,0.350085,0.984985,-0.0200605,0.156678,-0.0696743
0.629873,0.359396,0.346775,0.984796,-0.020237,0.158485,-0.0681956
0.63071,0.359533,0.346303,0.983664,-0.0248627,0.167369,-0.0614443
0.630995,0.36004,0.345545,0.983522,-0.0252985,0.1685,-0.0604393
0.631118,0.360132,0.345259,0.983339,-0.025252,0.168686,-0.0628647
0.632154,0.360327,0.345263,0.983954,-0.0229837,0.16764,-0.056593
0.632718,0.360651,0.34545,0.984072,-0.02297,0.163694,-0.0654118
0.632549,0.360693,0.345755,0.985022,-0.0217598,0.159454,-0.0619101
0.63287,0.360704,0.345863,0.985296,-0.0221326,0.158722,-0.0592399
0.63256,0.361277,0.346028,0.985118,-0.0239485,0.16029,-0.0572329
0.63257,0.360869,0.345937,0.985106,-0.0169851,0.154913,-0.0726676
0.632579,0.360619,0.34591,0.985106,-0.0169851,0.154913,-0.0726676
0.632884,0.359832,0.347775,0.984458,-0.0216405,0.160179,-0.0686769
0.632865,0.35914,0.348521,0.984696,-0.0211079,0.161398,-0.0622767
0.635376,0.35822,0.348116,0.984423,-0.0151804,0.155174,-0.0812514
0.635565,0.358115,0.347512,0.984209,-0.0135763,0.155048,-0.0843183
0.636147,0.357771,0.347864,0.986124,-0.0180257,0.150238,-0.068292
0.63601,0.357941,0.34793,0.986124,-0.0180257,0.150238,-0.068292
0.634971,0.354923,0.350581,0.987206,-0.0211161,0.14945,-0.0514175
0.634597,0.35347,0.351179,0.987191,-0.0206696,0.148781,-0.0537639
0.634227,0.352229,0.351758,0.987191,-0.0206696,0.148781,-0.0537639
0.634036,0.35164,0.352058,0.987191,-0.0206696,0.148781,-0.0537639
0.632964,0.348475,0.351519,0.987034,-0.0162613,0.149046,-0.0573188
0.63251,0.347618,0.350489,0.987034,-0.0162613,0.149046,-0.0573188
0.634387,0.347985,0.349809,0.986868,-0.01925,0.1495,-0.0580674
0.635173,0.348526,0.349164,0.986133,-0.0203871,0.151657,-0.0642421
0.635841,0.349287,0.348021,0.985894,-0.020353,0.151522,-0.068113
0.6354,0.349524,0.346905,0.9848,-0.018871,0.153595,-0.0788826
0.632444,0.346305,0.348606,0.9848,-0.018871,0.153595,-0.0788826
0.632018,0.346399,0.348719,0.985033,-0.019671,0.15224,-0.0783997
0.630572,0.343226,0.349894,0.986727,-0.0216257,0.149384,-0.0598818
0.629604,0.341334,0.349784,0.986484,-0.0173139,0.145123,-0.0740822
0.628691,0.341028,0.348985,0.986772,-0.0156086,0.142799,-0.0751392
0.628171,0.341007,0.348604,0.986907,-0.0157566,0.142987,-0.0729482
0.627201,0.341005,0.346595,0.986868,-0.0148807,0.144782,-0.0700628
0.626842,0.340799,0.346286,0.986868,-0.0148807,0.144782,-0.0700628
0.629974,0.350887,0.339591,0.988127,-0.0178278,0.145061,-0.0473766
0.631749,0.3524,0.33723,0.988942,-0.0141037,0.140309,-0.0459224
0.631983,0.35483,0.335591,0.989864,-0.0168014,0.135121,-0.0403702
0.632339,0.355526,0.335236,0.989864,-0.0168014,0.135121,-0.0403702
0.633101,0.355816,0.334391,0.989864,-0.0168014,0.135121,-0.0403702
0.633438,0.356474,0.332195,0.9889,-0.0223941,0.14251,-0.0355868
0.633244,0.355823,0.332774,0.9889,-0.0223941,0.14251,-0.0355868
0.655292,0.364479,0.316121,0.990166,-0.0230929,0.133148,-0.036194
0.665676,0.366062,0.307709,0.990782,-0.0259827,0.130978,-0.0228141
0.672261,0.368861,0.298877,0.990319,-0.0307047,0.13477,-0.0127697
0.699583,0.366492,0.269056,0.989429,-0.0450668,0.136421,0.0196963
0.721696,0.365627,0.249621,0.989769,-0.0580095,0.125506,0.0352245
0.742934,0.360723,0.229175,0.989052,-0.0622176,0.126737,0.0429331
0.745597,0.361305,0.226283,0.989052,-0.0622176,0.126737,0.0429331
0.809756,0.341344,0.158559,0.954247,-0.116256,0.194151,0.195453
0.840975,0.334247,0.123937,0.95329,-0.0987951,0.170671,0.228799
0.884038,0.325391,0.076207,0.951448,-0.0594255,0.146515,0.264099
0.93361,0.31697,0.0257379,0.93914,0.0603098,0.0955318,0.324427
0.94775,0.313764,0.0152239,0.93914,0.0603098,0.0955318,0.324427
0.954452,0.31243,0.00991648,0.93914,0.0603098,0.0955318,0.324427
0.952102,0.296762,0.0842423,1,0,0,0
0.93761,0.290621,0.134475,1,0,0,0
0.979948,0.281408,0.127424,1,0,0,0
1.00017,0.280203,0.128785,1,0,0,0
1.01455,0.276499,0.131196,1,0,0,0
1.01645,0.275256,0.132302,1,0,0,0
1.02258,0.271471,0.126964,1,0,0,0
1.01921,0.272306,0.126908,1,0,0,0
1.01731,0.272806,0.126847,1,0,0,0
0.996085,0.277708,0.124596,1,0,0,0
0.988712,0.274007,0.122805,1,0,0,0
0.985252,0.272026,0.122002,1,0,0,0
1.03937,0.266145,0.0437241,0.788822,0.331787,-0.154652,0.493722
1.06906,0.266679,0.00645306,0.788822,0.331787,-0.154652,0.493722
1.02625,0.210441,0.0887013,0.788822,0.331787,-0.154652,0.493722
1.03499,0.164491,0.120017,0.788822,0.331787,-0.154652,0.493722
1.06386,0.216863,0.0470478,0.788822,0.331787,-0.154652,0.493722
1.0632,0.220643,0.0455296,0.788822,0.331787,-0.154652,0.493722
1.06352,0.225327,0.043074,0.788822,0.331787,-0.154652,0.493722
0.99599,0.137856,0.192843,1,0,0,0
0.960022,0.102558,0.256746,1,0,0,0
0.965802,0.111067,0.253587,1,0,0,0
1.06765,0.232715,0.0384105,0.788822,0.331787,-0.154652,0.493722
1.0079,0.151275,0.183805,1,0,0,0
1.00288,0.115147,0.254502,1,0,0,0
1.01539,0.11664,0.255243,1,0,0,0
1.01662,0.155061,0.24456,1,0,0,0
1.0166,0.155372,0.244025,1,0,0,0
1.05744,0.220011,0.0998525,0.788822,0.331787,-0.154652,0.493722
1.07997,0.249431,0.0319617,0.788822,0.331787,-0.154652,0.493722
1.07915,0.249774,0.0337955,0.788822,0.331787,-0.154652,0.493722
1.08433,0.256765,0.0340039,0.788822,0.331787,-0.154652,0.493722
1.30839,0.404099,0.143389,-0.652641,-0.450356,-0.564113,-0.230251
1.3256,0.43065,0.267,0.638361,0.399652,0.652553,0.083355
1.33735,0.438843,0.32081,0.63857,0.369851,0.672798,0.0527468
1.33763,0.445553,0.33172,0.63857,0.369851,0.672798,0.0527468
1.34296,0.418664,0.430747,0.650233,0.209425,0.727314,-0.065979
1.34572,0.404876,0.471388,0.650233,0.209425,0.727314,-0.065979
1.34404,0.40103,0.481413,0.650233,0.209425,0.727314,-0.065979
1.34283,0.403546,0.480095,0.650233,0.209425,0.727314,-0.065979
1.0358,0.29375,0.453999,1,0,0,0
1.03045,0.275784,0.481294,1,0,0,0
1.03637,0.276434,0.487043,1,0,0,0
1.03892,0.276153,0.488674,1,0,0,0
1.04202,0.274612,0.49053,1,0,0,0
1.04399,0.273936,0.490864,1,0,0,0
1.04344,0.272607,0.491688,1,0,0,0
1.04388,0.272862,0.491474,1,0,0,0
1.03216,0.264111,0.489825,1,0,0,0
1.01467,0.263053,0.491733,1,0,0,0
1.01017,0.263916,0.494562,1,0,0,0
1.00913,0.263836,0.496028,1,0,0,0
1.00673,0.26616,0.498661,1,0,0,0
1.00572,0.267296,0.499871,1,0,0,0
1.00156,0.267794,0.501206,1,0,0,0
0.999655,0.268346,0.502163,1,0,0,0
0.985255,0.258304,0.495197,1,0,0,0
0.984597,0.25731,0.49274,1,0,0,0
0.987876,0.252973,0.481427,1,0,0,0
0.987147,0.253291,0.479473,1,0,0,0
0.994105,0.249966,0.4678,1,0,0,0
1.00166,0.24313,0.458999,1,0,0,0
0.995078,0.252994,0.446722,1,0,0,0
0.997369,0.254206,0.444451,1,0,0,0
0.993603,0.255532,0.453558,1,0,0,0
0.991951,0.255083,0.458159,1,0,0,0
0.988977,0.256138,0.464721,1,0,0,0
0.995793,0.264764,0.465164,1,0,0,0
0.999069,0.268833,0.465294,1,0,0,0
1.00126,0.270802,0.468825,1,0,0,0
1.00123,0.270725,0.468799,1,0,0,0
1.00529,0.275164,0.47734,1,0,0,0
1.0052,0.27504,0.477191,1,0,0,0
1.03959,0.314973,0.498038,1,0,0,0
1.04967,0.319576,0.501632,1,0,0,0
1.06141,0.334402,0.494792,1,0,0,0
1.06773,0.331608,0.495096,1,0,0,0
1.06287,0.338227,0.495827,1,0,0,0
1.06366,0.337455,0.496744,1,0,0,0
1.06775,0.346864,0.497433,1,0,0,0
1.06961,0.351232,0.497732,1,0,0,0
1.03092,0.431108,0.563924,1,0,0,0
1.03004,0.435388,0.565674,1,0,0,0
1.0122,0.431834,0.566517,1,0,0,0
0.991578,0.472443,0.606387,1,0,0,0
0.978111,0.469901,0.60854,1,0,0,0
1.01231,0.418786,0.524785,1,0,0,0
1.02017,0.403431,0.515001,1,0,0,0
1.00517,0.393446,0.513023,1,0,0,0
0.998786,0.382148,0.577214,1,0,0,0
0.995894,0.379951,0.58835,1,0,0,0
0.998095,0.372636,0.592707,1,0,0,0
0.999151,0.369532,0.593013,1,0,0,0
0.9993,0.36732,0.593551,1,0,0,0
0.999163,0.364732,0.592532,1,0,0,0
0.998715,0.361842,0.592392,1,0,0,0
0.994451,0.357504,0.594561,1,0,0,0
0.992211,0.356314,0.594625,1,0,0,0
0.988424,0.350953,0.595333,1,0,0,0
0.987913,0.351537,0.594876,1,0,0,0
0.972029,0.343252,0.595946,1,0,0,0
0.966096,0.346805,0.60686,1,0,0,0
0.960045,0.344246,0.614114,1,0,0,0
0.95942,0.344242,0.615599,1,0,0,0
0.927054,0.273007,0.608519,1,0,0,0
0.940165,0.275847,0.555498,1,0,0,0
0.950334,0.281926,0.514385,1,0,0,0
0.952089,0.282255,0.507018,1,0,0,0
0.935935,0.268393,0.50222,1,0,0,0
0.93679,0.270568,0.503067,1,0,0,0
0.92707,0.259995,0.493609,1,0,0,0
0.918612,0.248145,0.489311,1,0,0,0
0.919281,0.24943,0.487825,1,0,0,0
0.916215,0.246528,0.492424,1,0,0,0
0.914552,0.245097,0.496365,1,0,0,0
0.915985,0.23488,0.493754,1,0,0,0
0.915829,0.234006,0.493248,1,0,0,0
0.915593,0.233285,0.493121,1,0,0,0
0.913271,0.236073,0.489579,1,0,0,0
0.912247,0.237561,0.487823,1,0,0,0
0.903758,0.246613,0.475011,1,0,0,0
0.899683,0.250957,0.46886,1,0,0,0
0.888648,0.273263,0.434066,1,0,0,0
0.888859,0.272807,0.434454,1,0,0,0
0.89324,0.283042,0.400369,1,0,0,0
0.89323,0.282798,0.40033,1,0,0,0
0.906561,0.280905,0.380707,1,0,0,0
0.915016,0.285657,0.363852,1,0,0,0
0.919507,0.289828,0.356644,1,0,0,0
0.933348,0.295455,0.360345,1,0,0,0
0.936116,0.298498,0.363514,1,0,0,0
